Workbook

Sheet README
A1: Dark Filaments — Simulator v1.2.1
A2: Strategy overhaul: greedy value-per-cost replaces balanced-build. Save mode threshold is dynamic based on VPC ratios. No schema changes from v1.2.
A4: The three core stats
A5: • MPC — Mass per Click — affects active click income AND autoclicker output
A6: • MPS — Mass per Second — passive income rate
A7: • APS — Autoclicks per Second — fake clicks per second from autoclickers
A8: Game tick = 1 second. Total income/sec = (cpm/60 × MPC × active) + (APS × MPC) + MPS.
A9: Simulator measures in 10-second chunks (10 game ticks per sim row).
A11: Unified upgrade schema
A12: Every upgrade has the same fields. Most fields will be 0 (additive) or 1.0 (multiplicative) for any given upgrade — only the ones that actually do something get filled in.
A14: Per-stat fields (one set each for M/sec, M/click, AC/sec):
A15: • Base — constant value when level ≥ 1, before any multipliers
... A63: Yellow = editable input. Light green = derived live calculation. Black text = formula. Green text = cross-tab reference.

Sheet Parameters
A1: Parameters
A2: Edit yellow cells. Everything else updates automatically.
A4: Time budget
A5: Total target playtime (minutes) | B5: 595 | C5: Casual pace at 45 cpm. 60 cpm players will finish closer to ~480 min.
A6: Number of tiers | B6: 10 | C6: Solar System through Causal Horizon.
A7: Tier real-time growth rate | B7: 1.3 | C7: Each tier takes this many times as long as the previous one.
A8: Click & income
A9: Base click value (Mass per click, no upgrades) | B9: 1 | C9: The unit of the economy. Each click yields this much Mass with zero upgrades.
A10: Average clicks per minute when active | B10: 100 | C10: Reflects autoclicker / engaged play. Prototype dynamically reports actual cpm.
A11: Active play fraction (0–1) | B11: 1 | C11: Prototype reports cpm in real time, so this stays at 1.0; AFK time is captured by cpm dropping.
A12: Click importance curve (U-shape, diagnostic only)
A13: Click share at Tier 1 | B13: 0.6 | C13: Clicks dominate at start.
A14: Click share minimum (Tier 5 dip) | B14: 0.05 | C14: Crescendo — chain reactions handle nearly everything.
A15: Click share late game (Tier 9) | B15: 0.65 | C15: 'Hanging on.'
A16: Click share endgame (Tier 10) | B16: 0.7 | C16: Click becomes ritual.
A17: Cohesion (gates tier transitions)
A18: Cohesion cost: T1 → T2 transition | B18: 1 | C18: Tutorial-friendly.
A19: Cohesion cost growth per tier | B19: 2.5 | C19: Geometric growth.
A20: Simulator strategy
A21: VPC save threshold | B21: 1.5 | C21: Save mode triggers when next-target VPC > (best-affordable VPC × this). Lower = saves harder.
A22: Offline progression
A23: Offline progression rate (1.0 = full) | B23: 1 | C23: Full offline accumulation; queued events fire on return.
A24: Tier names
A25: Tier 1 name | B25: Solar System | C25: Tutorial.
A26: Tier 2 name | B26: Stellar Neighborhood | C26: First sense of scale. Introduces autoclickers.
A27: Tier 3 name | B27: Galactic Arm
A28: Tier 4 name | B28: Galaxy
A29: Tier 5 name | B29: Local Group | C29: PEAK. Crescendo.
A30: Tier 6 name | B30: Galactic Cluster
A31: Tier 7 name | B31: Supercluster
A32: Tier 8 name | B32: Filament
A33: Tier 9 name | B33: Cosmic Web
A34: Tier 10 name | B34: Causal Horizon | C34: Endgame.

Sheet Upgrades
A1: Upgrades — unified schema
A2: Each row is one upgrade. Yellow cells editable. Most cells will be 0 (additive) or 1.0 (multiplicative) — only the levers that actually do something get filled in. Completionist = missable upgrade. Synergy target/mult lets one upgrade buff another's self-contribution geometrically with level.
A4: Identity | C4: Cost & limits | G4: Self M/sec | J4: Self M/click | M4: Self AC/sec | P4: Global multipliers | S4: Completion | T4: Synergy | V4: Description
A5: Tier | B5: Name | C5: Init cost | D5: Cost growth | E5: Max levels | F5: Cohesion + | G5: Base | H5: + /lvl | I5: × self /lvl | J5: Base | K5: + /lvl | L5: × self /lvl | M5: Base | N5: + /lvl | O5: × self /lvl | P5: × all M/sec /lvl | Q5: × all M/click /lvl | R5: × all AC speed /lvl | S5: Completionist? | T5: Synergy target | U5: Synergy mult/lvl | V5: Description voice
A6: 1 | B6: Solar Wind | C6: 7 | D6: 1.15 | E6: 99 | F6: 0 | G6: 0 | H6: 0.08 | I6: 1 | J6: 0 | K6: 0 | L6: 1 | M6: 0 | N6: 0 | O6: 1 | P6: 1 | Q6: 1 | R6: 1 | S6: 0 | U6: 1 | V6: Charged particles drift outward and return with company. We are pulling more than we used to.
A7: 1 | B7: Asteroid Belt | C7: 20 | D7: 1.15 | E7: 99 | F7: 0 | G7: 0 | H7: 0.2 | I7: 1 | J7: 0 | K7: 0 | L7: 1 | M7: 0 | N7: 0 | O7: 1 | P7: 1 | Q7: 1 | R7: 1 | S7: 0 | U7: 1 | V7: The belt yields. Iron, ice, the slow gravel of the early system. Each rock finds us.
A8: 1 | B8: Stellar Coupling | C8: 22 | D8: 1.4 | E8: 99 | F8: 0 | G8: 0 | H8: 0 | I8: 1 | J8: 0 | K8: 0.35 | L8: 1 | M8: 0 | N8: 0 | O8: 1 | P8: 1 | Q8: 1 | R8: 1 | S8: 0 | U8: 1 | V8: We pull harder. The center holds tighter.
A9: 1 | B9: Magnetosphere | C9: 80 | D9: 2 | E9: 5 | F9: 0 | G9: 0 | H9: 1 | I9: 1 | J9: 0 | K9: 0 | L9: 1 | M9: 0 | N9: 0 | O9: 1 | P9: 1 | Q9: 1 | R9: 1 | S9: 1 | U9: 1 | V9: The system's invisible shell. Charged particles arc and return. We catch what would have escaped.
A10: 1 | B10: Orbital Resonance | C10: 240 | D10: 1 | E10: 1 | F10: 0.4 | G10: 0 | H10: 0 | I10: 1 | J10: 0 | K10: 0 | L10: 1 | M10: 0 | N10: 0 | O10: 1 | P10: 1.25 | Q10: 1 | R10: 1 | S10: 0 | U10: 1 | V10: Periods align. The system breathes in time with us. Everything we touch becomes synchronous.
A11: 1 | B11: Heliopause | C11: 575 | D11: 1 | E11: 1 | F11: 0.6 | G11: 0 | H11: 0 | I11: 1 | J11: 0 | K11: 0 | L11: 1 | M11: 0 | N11: 0 | O11: 1 | P11: 1 | Q11: 1 | R11: 1 | S11: 0 | T11: Stellar Coupling | U11: 1.5 | V11: We have reached the edge of our influence. Beyond it, the rest of the galaxy waits.
A12: 1 | B12: First Photons | C12: 850 | D12: 1 | E12: 1 | F12: 0 | G12: 1 | H12: 0 | I12: 1 | J12: 0 | K12: 0 | L12: 1 | M12: 0 | N12: 0 | O12: 1 | P12: 1 | Q12: 1.2 | R12: 1 | S12: 1 | U12: 1 | V12: Light, finally. The first photons leave the surface and find us. Everything quickens.

Sheet TimeBudget
A1: Time budget per tier
A2: Time targets and click share targets per tier. Derived from Parameters.
A4: Tier | B4: Name | C4: Min/tier | D4: Cum min | E4: Click % | F4: Cohesion cost | G4: Notes
A5: 1 | B5: =Parameters!$B$25 -> Solar System | C5: =Parameters!$B$5*POWER(Parameters!$B$7,A5-1)/IF(Parameters!$B$7=1,Parameters!$B$6,(POWER(Parameters!$B$7,Parameters!$B$6)-1)/(Parameters!$B$7-1)) -> 13.960747 | D5: =SUM(C$5:C5) -> 13.960747 | E5: =IF(A5<=5,Parameters!$B$13+(Parameters!$B$14-Parameters!$B$13)*POWER((A5-1)/4,2),IF(A5<=9,Parameters!$B$14+(Parameters!$B$15-Parameters!$B$14)*POWER((A5-5)/4,2),Parameters!$B$16)) -> 0.6 | F5: =IF(A5<Parameters!$B$6,Parameters!$B$18*POWER(Parameters!$B$19,A5-1),0) -> 1 | G5: Tutorial.
A6: 2 | B6: =Parameters!$B$26 -> Stellar Neighborhood | C6: =Parameters!$B$5*POWER(Parameters!$B$7,A6-1)/IF(Parameters!$B$7=1,Parameters!$B$6,(POWER(Parameters!$B$7,Parameters!$B$6)-1)/(Parameters!$B$7-1)) -> 18.148971 | D6: =SUM(C$5:C6) -> 32.109717 | E6: =IF(A6<=5,Parameters!$B$13+(Parameters!$B$14-Parameters!$B$13)*POWER((A6-1)/4,2),IF(A6<=9,Parameters!$B$14+(Parameters!$B$15-Parameters!$B$14)*POWER((A6-5)/4,2),Parameters!$B$16)) -> 0.565625 | F6: =IF(A6<Parameters!$B$6,Parameters!$B$18*POWER(Parameters!$B$19,A6-1),0) -> 2.5 | G6: Autoclickers introduced.
A7: 3 | B7: =Parameters!$B$27 -> Galactic Arm | C7: =Parameters!$B$5*POWER(Parameters!$B$7,A7-1)/IF(Parameters!$B$7=1,Parameters!$B$6,(POWER(Parameters!$B$7,Parameters!$B$6)-1)/(Parameters!$B$7-1)) -> 23.593662 | D7: =SUM(C$5:C7) -> 55.703379 | E7: =IF(A7<=5,Parameters!$B$13+(Parameters!$B$14-Parameters!$B$13)*POWER((A7-1)/4,2),IF(A7<=9,Parameters!$B$14+(Parameters!$B$15-Parameters!$B$14)*POWER((A7-5)/4,2),Parameters!$B$16)) -> 0.4625 | F7: =IF(A7<Parameters!$B$6,Parameters!$B$18*POWER(Parameters!$B$19,A7-1),0) -> 6.25
A8: 4 | B8: =Parameters!$B$28 -> Galaxy | C8: =Parameters!$B$5*POWER(Parameters!$B$7,A8-1)/IF(Parameters!$B$7=1,Parameters!$B$6,(POWER(Parameters!$B$7,Parameters!$B$6)-1)/(Parameters!$B$7-1)) -> 30.67176 | D8: =SUM(C$5:C8) -> 86.375139 | E8: =IF(A8<=5,Parameters!$B$13+(Parameters!$B$14-Parameters!$B$13)*POWER((A8-1)/4,2),IF(A8<=9,Parameters!$B$14+(Parameters!$B$15-Parameters!$B$14)*POWER((A8-5)/4,2),Parameters!$B$16)) -> 0.290625 | F8: =IF(A8<Parameters!$B$6,Parameters!$B$18*POWER(Parameters!$B$19,A8-1),0) -> 15.625
A9: 5 | B9: =Parameters!$B$29 -> Local Group | C9: =Parameters!$B$5*POWER(Parameters!$B$7,A9-1)/IF(Parameters!$B$7=1,Parameters!$B$6,(POWER(Parameters!$B$7,Parameters!$B$6)-1)/(Parameters!$B$7-1)) -> 39.873288 | D9: =SUM(C$5:C9) -> 126.24843 | E9: =IF(A9<=5,Parameters!$B$13+(Parameters!$B$14-Parameters!$B$13)*POWER((A9-1)/4,2),IF(A9<=9,Parameters!$B$14+(Parameters!$B$15-Parameters!$B$14)*POWER((A9-5)/4,2),Parameters!$B$16)) -> 0.05 | F9: =IF(A9<Parameters!$B$6,Parameters!$B$18*POWER(Parameters!$B$19,A9-1),0) -> 39.0625 | G9: PEAK.
A10: 6 | B10: =Parameters!$B$30 -> Galactic Cluster | C10: =Parameters!$B$5*POWER(Parameters!$B$7,A10-1)/IF(Parameters!$B$7=1,Parameters!$B$6,(POWER(Parameters!$B$7,Parameters!$B$6)-1)/(Parameters!$B$7-1)) -> 51.835275 | D10: =SUM(C$5:C10) -> 178.0837 | E10: =IF(A10<=5,Parameters!$B$13+(Parameters!$B$14-Parameters!$B$13)*POWER((A10-1)/4,2),IF(A10<=9,Parameters!$B$14+(Parameters!$B$15-Parameters!$B$14)*POWER((A10-5)/4,2),Parameters!$B$16)) -> 0.0875 | F10: =IF(A10<Parameters!$B$6,Parameters!$B$18*POWER(Parameters!$B$19,A10-1),0) -> 97.65625
A11: 7 | B11: =Parameters!$B$31 -> Supercluster | C11: =Parameters!$B$5*POWER(Parameters!$B$7,A11-1)/IF(Parameters!$B$7=1,Parameters!$B$6,(POWER(Parameters!$B$7,Parameters!$B$6)-1)/(Parameters!$B$7-1)) -> 67.385857 | D11: =SUM(C$5:C11) -> 245.46956 | E11: =IF(A11<=5,Parameters!$B$13+(Parameters!$B$14-Parameters!$B$13)*POWER((A11-1)/4,2),IF(A11<=9,Parameters!$B$14+(Parameters!$B$15-Parameters!$B$14)*POWER((A11-5)/4,2),Parameters!$B$16)) -> 0.2 | F11: =IF(A11<Parameters!$B$6,Parameters!$B$18*POWER(Parameters!$B$19,A11-1),0) -> 244.14062
A12: 8 | B12: =Parameters!$B$32 -> Filament | C12: =Parameters!$B$5*POWER(Parameters!$B$7,A12-1)/IF(Parameters!$B$7=1,Parameters!$B$6,(POWER(Parameters!$B$7,Parameters!$B$6)-1)/(Parameters!$B$7-1)) -> 87.601614 | D12: =SUM(C$5:C12) -> 333.07117 | E12: =IF(A12<=5,Parameters!$B$13+(Parameters!$B$14-Parameters!$B$13)*POWER((A12-1)/4,2),IF(A12<=9,Parameters!$B$14+(Parameters!$B$15-Parameters!$B$14)*POWER((A12-5)/4,2),Parameters!$B$16)) -> 0.3875 | F12: =IF(A12<Parameters!$B$6,Parameters!$B$18*POWER(Parameters!$B$19,A12-1),0) -> 610.35156
A13: 9 | B13: =Parameters!$B$33 -> Cosmic Web | C13: =Parameters!$B$5*POWER(Parameters!$B$7,A13-1)/IF(Parameters!$B$7=1,Parameters!$B$6,(POWER(Parameters!$B$7,Parameters!$B$6)-1)/(Parameters!$B$7-1)) -> 113.8821 | D13: =SUM(C$5:C13) -> 446.95327 | E13: =IF(A13<=5,Parameters!$B$13+(Parameters!$B$14-Parameters!$B$13)*POWER((A13-1)/4,2),IF(A13<=9,Parameters!$B$14+(Parameters!$B$15-Parameters!$B$14)*POWER((A13-5)/4,2),Parameters!$B$16)) -> 0.65 | F13: =IF(A13<Parameters!$B$6,Parameters!$B$18*POWER(Parameters!$B$19,A13-1),0) -> 1525.8789
A14: 10 | B14: =Parameters!$B$34 -> Causal Horizon | C14: =Parameters!$B$5*POWER(Parameters!$B$7,A14-1)/IF(Parameters!$B$7=1,Parameters!$B$6,(POWER(Parameters!$B$7,Parameters!$B$6)-1)/(Parameters!$B$7-1)) -> 148.04673 | D14: =SUM(C$5:C14) -> 595 | E14: =IF(A14<=5,Parameters!$B$13+(Parameters!$B$14-Parameters!$B$13)*POWER((A14-1)/4,2),IF(A14<=9,Parameters!$B$14+(Parameters!$B$15-Parameters!$B$14)*POWER((A14-5)/4,2),Parameters!$B$16)) -> 0.7 | F14: =IF(A14<Parameters!$B$6,Parameters!$B$18*POWER(Parameters!$B$19,A14-1),0) -> 0 | G14: Endgame.
A15: TOTAL | C15: =SUM(C5:C14) -> 595 | F15: =SUM(F5:F14) -> 2542.4648

Sheet UpgradeSim
A1: UpgradeSim — Tier 1 (Solar System)
A2: 10-second tick simulation. Game ticks every 1 second under the hood; sim runs the COMPLETION path. See row 3 for headline timing metrics.
A3: Earliest possible transition (cohesion ready): | E3: =IFERROR(INDEX(B:B,MATCH(1,AO:AO,0))&" min","—") -> 5.16666666666667 min | H3: Actual transition (completion path): | M3: =IFERROR(INDEX(B:B,MATCH("transition",U:U,0))&" min","—") -> 8.5 min
A4: Tick | B4: Time (min) | C4: Mass start | D4: Cohesion | E4: SW | F4: AB | G4: SC | H4: Mag | I4: OR | J4: HP | K4: FP | L4: T2? | M4: MPC | N4: MPS | O4: APS | P4: Click inc | Q4: Auto inc | R4: Pass inc | S4: Total inc | T4: Mass post-inc | U4: Buy? | V4: Cost | W4: Coh + | X4: Mass end | Y4: M/sec | Z4: Note | AA4: SW M/min | AB4: AB M/min | AC4: SC M/min | AD4: Mag M/min | AE4: FP M/min | AF4: Base M/min | AG4: SW cost | AH4: AB cost | AI4: SC cost | AJ4: Mag cost | AK4: OR cost | AL4: HP cost | AM4: FP cost | AN4: Trans? | AO4: Could-trans? | AP4: Next OS cost | AQ4: Cheapest stack | AR4: Save mode | AS4: SW VPC | AT4: AB VPC | AU4: SC VPC | AV4: Mag VPC | AW4: Next OS VPC | AX4: Action
A5: 0 | B5: 0 | C5: 0 | D5: 0 | E5: 0 | F5: 0 | G5: 0 | H5: 0 | I5: 0 | J5: 0 | K5: 0 | L5: 0 | M5: =(Parameters!$B$9+(IF(E5=0,0,(Upgrades!$J$6+E5*Upgrades!$K$6)*POWER(Upgrades!$L$6,E5)))*(IF(Upgrades!$T$7="Solar Wind",POWER(Upgrades!$U$7,F5),1)*IF(Upgrades!$T$8="Solar Wind",POWER(Upgrades!$U$8,G5),1)*IF(Upgrades!$T$9="Solar Wind",POWER(Upgrades!$U$9,H5),1)*IF(Upgrades!$T$10="Solar Wind",POWER(Upgrades!$U$10,I5),1)*IF(Upgrades!$T$11="Solar Wind",POWER(Upgrades!$U$11,J5),1)*IF(Upgrades!$T$12="Solar Wind",POWER(Upgrades!$U$12,K5),1))+(IF(F5=0,0,(Upgrades!$J$7+F5*Upgrades!$K$7)*POWER(Upgrades!$L$7,F5)))*(IF(Upgrades!$T$6="Asteroid Belt",POWER(Upgrades!$U$6,E5),1)*IF(Upgrades!$T$8="Asteroid Belt",POWER(Upgrades!$U$8,G5),1)*IF(Upgrades!$T$9="Asteroid Belt",POWER(Upgrades!$U$9,H5),1)*IF(Upgrades!$T$10="Asteroid Belt",POWER(Upgrades!$U$10,I5),1)*IF(Upgrades!$T$11="Asteroid Belt",POWER(Upgrades!$U$11,J5),1)*IF(Upgrades!$T$12="Asteroid Belt",POWER(Upgrades!$U$12,K5),1))+(IF(G5=0,0,(Upgrades!$J$8+G5*Upgrades!$K$8)*POWER(Upgrades!$L$8,G5)))*(IF(Upgrades!$T$6="Stellar Coupling",POWER(Upgrades!$U$6,E5),1)*IF(Upgrades!$T$7="Stellar Coupling",POWER(Upgrades!$U$7,F5),1)*IF(Upgrades!$T$9="Stellar Coupling",POWER(Upgrades!$U$9,H5),1)*IF(Upgrades!$T$10="Stellar Coupling",POWER(Upgrades!$U$10,I5),1)*IF(Upgrades!$T$11="Stellar Coupling",POWER(Upgrades!$U$11,J5),1)*IF(Upgrades!$T$12="Stellar Coupling",POWER(Upgrades!$U$12,K5),1))+(IF(H5=0,0,(Upgrades!$J$9+H5*Upgrades!$K$9)*POWER(Upgrades!$L$9,H5)))*(IF(Upgrades!$T$6="Magnetosphere",POWER(Upgrades!$U$6,E5),1)*IF(Upgrades!$T$7="Magnetosphere",POWER(Upgrades!$U$7,F5),1)*IF(Upgrades!$T$8="Magnetosphere",POWER(Upgrades!$U$8,G5),1)*IF(Upgrades!$T$10="Magnetosphere",POWER(Upgrades!$U$10,I5),1)*IF(Upgrades!$T$11="Magnetosphere",POWER(Upgrades!$U$11,J5),1)*IF(Upgrades!$T$12="Magnetosphere",POWER(Upgrades!$U$12,K5),1))+(IF(I5=0,0,(Upgrades!$J$10+I5*Upgrades!$K$10)*POWER(Upgrades!$L$10,I5)))*(IF(Upgrades!$T$6="Orbital Resonance",POWER(Upgrades!$U$6,E5),1)*IF(Upgrades!$T$7="Orbital Resonance",POWER(Upgrades!$U$7,F5),1)*IF(Upgrades!$T$8="Orbital Resonance",POWER(Upgrades!$U$8,G5),1)*IF(Upgrades!$T$9="Orbital Resonance",POWER(Upgrades!$U$9,H5),1)*IF(Upgrades!$T$11="Orbital Resonance",POWER(Upgrades!$U$11,J5),1)*IF(Upgrades!$T$12="Orbital Resonance",POWER(Upgrades!$U$12,K5),1))+(IF(J5=0,0,(Upgrades!$J$11+J5*Upgrades!$K$11)*POWER(Upgrades!$L$11,J5)))*(IF(Upgrades!$T$6="Heliopause",POWER(Upgrades!$U$6,E5),1)*IF(Upgrades!$T$7="Heliopause",POWER(Upgrades!$U$7,F5),1)*IF(Upgrades!$T$8="Heliopause",POWER(Upgrades!$U$8,G5),1)*IF(Upgrades!$T$9="Heliopause",POWER(Upgrades!$U$9,H5),1)*IF(Upgrades!$T$10="Heliopause",POWER(Upgrades!$U$10,I5),1)*IF(Upgrades!$T$12="Heliopause",POWER(Upgrades!$U$12,K5),1))+(IF(K5=0,0,(Upgrades!$J$12+K5*Upgrades!$K$12)*POWER(Upgrades!$L$12,K5)))*(IF(Upgrades!$T$6="First Photons",POWER(Upgrades!$U$6,E5),1)*IF(Upgrades!$T$7="First Photons",POWER(Upgrades!$U$7,F5),1)*IF(Upgrades!$T$8="First Photons",POWER(Upgrades!$U$8,G5),1)*IF(Upgrades!$T$9="First Photons",POWER(Upgrades!$U$9,H5),1)*IF(Upgrades!$T$10="First Photons",POWER(Upgrades!$U$10,I5),1)*IF(Upgrades!$T$11="First Photons",POWER(Upgrades!$U$11,J5),1)))*POWER(Upgrades!$Q$6,E5)*POWER(Upgrades!$Q$7,F5)*POWER(Upgrades!$Q$8,G5)*POWER(Upgrades!$Q$9,H5)*POWER(Upgrades!$Q$10,I5)*POWER(Upgrades!$Q$11,J5)*POWER(Upgrades!$Q$12,K5) -> 1 | N5: =((IF(E5=0,0,(Upgrades!$G$6+E5*Upgrades!$H$6)*POWER(Upgrades!$I$6,E5)))*(IF(Upgrades!$T$7="Solar Wind",POWER(Upgrades!$U$7,F5),1)*IF(Upgrades!$T$8="Solar Wind",POWER(Upgrades!$U$8,G5),1)*IF(Upgrades!$T$9="Solar Wind",POWER(Upgrades!$U$9,H5),1)*IF(Upgrades!$T$10="Solar Wind",POWER(Upgrades!$U$10,I5),1)*IF(Upgrades!$T$11="Solar Wind",POWER(Upgrades!$U$11,J5),1)*IF(Upgrades!$T$12="Solar Wind",POWER(Upgrades!$U$12,K5),1))+(IF(F5=0,0,(Upgrades!$G$7+F5*Upgrades!$H$7)*POWER(Upgrades!$I$7,F5)))*(IF(Upgrades!$T$6="Asteroid Belt",POWER(Upgrades!$U$6,E5),1)*IF(Upgrades!$T$8="Asteroid Belt",POWER(Upgrades!$U$8,G5),1)*IF(Upgrades!$T$9="Asteroid Belt",POWER(Upgrades!$U$9,H5),1)*IF(Upgrades!$T$10="Asteroid Belt",POWER(Upgrades!$U$10,I5),1)*IF(Upgrades!$T$11="Asteroid Belt",POWER(Upgrades!$U$11,J5),1)*IF(Upgrades!$T$12="Asteroid Belt",POWER(Upgrades!$U$12,K5),1))+(IF(G5=0,0,(Upgrades!$G$8+G5*Upgrades!$H$8)*POWER(Upgrades!$I$8,G5)))*(IF(Upgrades!$T$6="Stellar Coupling",POWER(Upgrades!$U$6,E5),1)*IF(Upgrades!$T$7="Stellar Coupling",POWER(Upgrades!$U$7,F5),1)*IF(Upgrades!$T$9="Stellar Coupling",POWER(Upgrades!$U$9,H5),1)*IF(Upgrades!$T$10="Stellar Coupling",POWER(Upgrades!$U$10,I5),1)*IF(Upgrades!$T$11="Stellar Coupling",POWER(Upgrades!$U$11,J5),1)*IF(Upgrades!$T$12="Stellar Coupling",POWER(Upgrades!$U$12,K5),1))+(IF(H5=0,0,(Upgrades!$G$9+H5*Upgrades!$H$9)*POWER(Upgrades!$I$9,H5)))*(IF(Upgrades!$T$6="Magnetosphere",POWER(Upgrades!$U$6,E5),1)*IF(Upgrades!$T$7="Magnetosphere",POWER(Upgrades!$U$7,F5),1)*IF(Upgrades!$T$8="Magnetosphere",POWER(Upgrades!$U$8,G5),1)*IF(Upgrades!$T$10="Magnetosphere",POWER(Upgrades!$U$10,I5),1)*IF(Upgrades!$T$11="Magnetosphere",POWER(Upgrades!$U$11,J5),1)*IF(Upgrades!$T$12="Magnetosphere",POWER(Upgrades!$U$12,K5),1))+(IF(I5=0,0,(Upgrades!$G$10+I5*Upgrades!$H$10)*POWER(Upgrades!$I$10,I5)))*(IF(Upgrades!$T$6="Orbital Resonance",POWER(Upgrades!$U$6,E5),1)*IF(Upgrades!$T$7="Orbital Resonance",POWER(Upgrades!$U$7,F5),1)*IF(Upgrades!$T$8="Orbital Resonance",POWER(Upgrades!$U$8,G5),1)*IF(Upgrades!$T$9="Orbital Resonance",POWER(Upgrades!$U$9,H5),1)*IF(Upgrades!$T$11="Orbital Resonance",POWER(Upgrades!$U$11,J5),1)*IF(Upgrades!$T$12="Orbital Resonance",POWER(Upgrades!$U$12,K5),1))+(IF(J5=0,0,(Upgrades!$G$11+J5*Upgrades!$H$11)*POWER(Upgrades!$I$11,J5)))*(IF(Upgrades!$T$6="Heliopause",POWER(Upgrades!$U$6,E5),1)*IF(Upgrades!$T$7="Heliopause",POWER(Upgrades!$U$7,F5),1)*IF(Upgrades!$T$8="Heliopause",POWER(Upgrades!$U$8,G5),1)*IF(Upgrades!$T$9="Heliopause",POWER(Upgrades!$U$9,H5),1)*IF(Upgrades!$T$10="Heliopause",POWER(Upgrades!$U$10,I5),1)*IF(Upgrades!$T$12="Heliopause",POWER(Upgrades!$U$12,K5),1))+(IF(K5=0,0,(Upgrades!$G$12+K5*Upgrades!$H$12)*POWER(Upgrades!$I$12,K5)))*(IF(Upgrades!$T$6="First Photons",POWER(Upgrades!$U$6,E5),1)*IF(Upgrades!$T$7="First Photons",POWER(Upgrades!$U$7,F5),1)*IF(Upgrades!$T$8="First Photons",POWER(Upgrades!$U$8,G5),1)*IF(Upgrades!$T$9="First Photons",POWER(Upgrades!$U$9,H5),1)*IF(Upgrades!$T$10="First Photons",POWER(Upgrades!$U$10,I5),1)*IF(Upgrades!$T$11="First Photons",POWER(Upgrades!$U$11,J5),1)))*POWER(Upgrades!$P$6,E5)*POWER(Upgrades!$P$7,F5)*POWER(Upgrades!$P$8,G5)*POWER(Upgrades!$P$9,H5)*POWER(Upgrades!$P$10,I5)*POWER(Upgrades!$P$11,J5)*POWER(Upgrades!$P$12,K5) -> 0 | O5: =((IF(E5=0,0,(Upgrades!$M$6+E5*Upgrades!$N$6)*POWER(Upgrades!$O$6,E5)))*(IF(Upgrades!$T$7="Solar Wind",POWER(Upgrades!$U$7,F5),1)*IF(Upgrades!$T$8="Solar Wind",POWER(Upgrades!$U$8,G5),1)*IF(Upgrades!$T$9="Solar Wind",POWER(Upgrades!$U$9,H5),1)*IF(Upgrades!$T$10="Solar Wind",POWER(Upgrades!$U$10,I5),1)*IF(Upgrades!$T$11="Solar Wind",POWER(Upgrades!$U$11,J5),1)*IF(Upgrades!$T$12="Solar Wind",POWER(Upgrades!$U$12,K5),1))+(IF(F5=0,0,(Upgrades!$M$7+F5*Upgrades!$N$7)*POWER(Upgrades!$O$7,F5)))*(IF(Upgrades!$T$6="Asteroid Belt",POWER(Upgrades!$U$6,E5),1)*IF(Upgrades!$T$8="Asteroid Belt",POWER(Upgrades!$U$8,G5),1)*IF(Upgrades!$T$9="Asteroid Belt",POWER(Upgrades!$U$9,H5),1)*IF(Upgrades!$T$10="Asteroid Belt",POWER(Upgrades!$U$10,I5),1)*IF(Upgrades!$T$11="Asteroid Belt",POWER(Upgrades!$U$11,J5),1)*IF(Upgrades!$T$12="Asteroid Belt",POWER(Upgrades!$U$12,K5),1))+(IF(G5=0,0,(Upgrades!$M$8+G5*Upgrades!$N$8)*POWER(Upgrades!$O$8,G5)))*(IF(Upgrades!$T$6="Stellar Coupling",POWER(Upgrades!$U$6,E5),1)*IF(Upgrades!$T$7="Stellar Coupling",POWER(Upgrades!$U$7,F5),1)*IF(Upgrades!$T$9="Stellar Coupling",POWER(Upgrades!$U$9,H5),1)*IF(Upgrades!$T$10="Stellar Coupling",POWER(Upgrades!$U$10,I5),1)*IF(Upgrades!$T$11="Stellar Coupling",POWER(Upgrades!$U$11,J5),1)*IF(Upgrades!$T$12="Stellar Coupling",POWER(Upgrades!$U$12,K5),1))+(IF(H5=0,0,(Upgrades!$M$9+H5*Upgrades!$N$9)*POWER(Upgrades!$O$9,H5)))*(IF(Upgrades!$T$6="Magnetosphere",POWER(Upgrades!$U$6,E5),1)*IF(Upgrades!$T$7="Magnetosphere",POWER(Upgrades!$U$7,F5),1)*IF(Upgrades!$T$8="Magnetosphere",POWER(Upgrades!$U$8,G5),1)*IF(Upgrades!$T$10="Magnetosphere",POWER(Upgrades!$U$10,I5),1)*IF(Upgrades!$T$11="Magnetosphere",POWER(Upgrades!$U$11,J5),1)*IF(Upgrades!$T$12="Magnetosphere",POWER(Upgrades!$U$12,K5),1))+(IF(I5=0,0,(Upgrades!$M$10+I5*Upgrades!$N$10)*POWER(Upgrades!$O$10,I5)))*(IF(Upgrades!$T$6="Orbital Resonance",POWER(Upgrades!$U$6,E5),1)*IF(Upgrades!$T$7="Orbital Resonance",POWER(Upgrades!$U$7,F5),1)*IF(Upgrades!$T$8="Orbital Resonance",POWER(Upgrades!$U$8,G5),1)*IF(Upgrades!$T$9="Orbital Resonance",POWER(Upgrades!$U$9,H5),1)*IF(Upgrades!$T$11="Orbital Resonance",POWER(Upgrades!$U$11,J5),1)*IF(Upgrades!$T$12="Orbital Resonance",POWER(Upgrades!$U$12,K5),1))+(IF(J5=0,0,(Upgrades!$M$11+J5*Upgrades!$N$11)*POWER(Upgrades!$O$11,J5)))*(IF(Upgrades!$T$6="Heliopause",POWER(Upgrades!$U$6,E5),1)*IF(Upgrades!$T$7="Heliopause",POWER(Upgrades!$U$7,F5),1)*IF(Upgrades!$T$8="Heliopause",POWER(Upgrades!$U$8,G5),1)*IF(Upgrades!$T$9="Heliopause",POWER(Upgrades!$U$9,H5),1)*IF(Upgrades!$T$10="Heliopause",POWER(Upgrades!$U$10,I5),1)*IF(Upgrades!$T$12="Heliopause",POWER(Upgrades!$U$12,K5),1))+(IF(K5=0,0,(Upgrades!$M$12+K5*Upgrades!$N$12)*POWER(Upgrades!$O$12,K5)))*(IF(Upgrades!$T$6="First Photons",POWER(Upgrades!$U$6,E5),1)*IF(Upgrades!$T$7="First Photons",POWER(Upgrades!$U$7,F5),1)*IF(Upgrades!$T$8="First Photons",POWER(Upgrades!$U$8,G5),1)*IF(Upgrades!$T$9="First Photons",POWER(Upgrades!$U$9,H5),1)*IF(Upgrades!$T$10="First Photons",POWER(Upgrades!$U$10,I5),1)*IF(Upgrades!$T$11="First Photons",POWER(Upgrades!$U$11,J5),1)))*POWER(Upgrades!$R$6,E5)*POWER(Upgrades!$R$7,F5)*POWER(Upgrades!$R$8,G5)*POWER(Upgrades!$R$9,H5)*POWER(Upgrades!$R$10,I5)*POWER(Upgrades!$R$11,J5)*POWER(Upgrades!$R$12,K5) -> 0 | P5: 0 | Q5: 0 | R5: 0 | S5: 0 | T5: 0 | V5: 0 | W5: 0 | X5: 0 | Y5: =M5*Parameters!$B$10/60*Parameters!$B$11+O5*M5+N5 -> 1.6666667 | Z5: game start | AA5: =(IF(E5=0,0,(Upgrades!$G$6+E5*Upgrades!$H$6)*POWER(Upgrades!$I$6,E5)))*(IF(Upgrades!$T$7="Solar Wind",POWER(Upgrades!$U$7,F5),1)*IF(Upgrades!$T$8="Solar Wind",POWER(Upgrades!$U$8,G5),1)*IF(Upgrades!$T$9="Solar Wind",POWER(Upgrades!$U$9,H5),1)*IF(Upgrades!$T$10="Solar Wind",POWER(Upgrades!$U$10,I5),1)*IF(Upgrades!$T$11="Solar Wind",POWER(Upgrades!$U$11,J5),1)*IF(Upgrades!$T$12="Solar Wind",POWER(Upgrades!$U$12,K5),1))*POWER(Upgrades!$P$6,E5)*POWER(Upgrades!$P$7,F5)*POWER(Upgrades!$P$8,G5)*POWER(Upgrades!$P$9,H5)*POWER(Upgrades!$P$10,I5)*POWER(Upgrades!$P$11,J5)*POWER(Upgrades!$P$12,K5)*60 -> 0 | AB5: =(IF(F5=0,0,(Upgrades!$G$7+F5*Upgrades!$H$7)*POWER(Upgrades!$I$7,F5)))*(IF(Upgrades!$T$6="Asteroid Belt",POWER(Upgrades!$U$6,E5),1)*IF(Upgrades!$T$8="Asteroid Belt",POWER(Upgrades!$U$8,G5),1)*IF(Upgrades!$T$9="Asteroid Belt",POWER(Upgrades!$U$9,H5),1)*IF(Upgrades!$T$10="Asteroid Belt",POWER(Upgrades!$U$10,I5),1)*IF(Upgrades!$T$11="Asteroid Belt",POWER(Upgrades!$U$11,J5),1)*IF(Upgrades!$T$12="Asteroid Belt",POWER(Upgrades!$U$12,K5),1))*POWER(Upgrades!$P$6,E5)*POWER(Upgrades!$P$7,F5)*POWER(Upgrades!$P$8,G5)*POWER(Upgrades!$P$9,H5)*POWER(Upgrades!$P$10,I5)*POWER(Upgrades!$P$11,J5)*POWER(Upgrades!$P$12,K5)*60 -> 0 | AC5: =(IF(G5=0,0,(Upgrades!$J$8+G5*Upgrades!$K$8)*POWER(Upgrades!$L$8,G5)))*(IF(Upgrades!$T$6="Stellar Coupling",POWER(Upgrades!$U$6,E5),1)*IF(Upgrades!$T$7="Stellar Coupling",POWER(Upgrades!$U$7,F5),1)*IF(Upgrades!$T$9="Stellar Coupling",POWER(Upgrades!$U$9,H5),1)*IF(Upgrades!$T$10="Stellar Coupling",POWER(Upgrades!$U$10,I5),1)*IF(Upgrades!$T$11="Stellar Coupling",POWER(Upgrades!$U$11,J5),1)*IF(Upgrades!$T$12="Stellar Coupling",POWER(Upgrades!$U$12,K5),1))*POWER(Upgrades!$Q$6,E5)*POWER(Upgrades!$Q$7,F5)*POWER(Upgrades!$Q$8,G5)*POWER(Upgrades!$Q$9,H5)*POWER(Upgrades!$Q$10,I5)*POWER(Upgrades!$Q$11,J5)*POWER(Upgrades!$Q$12,K5)*Parameters!$B$10*Parameters!$B$11 -> 0 | AD5: =(IF(H5=0,0,(Upgrades!$G$9+H5*Upgrades!$H$9)*POWER(Upgrades!$I$9,H5)))*(IF(Upgrades!$T$6="Magnetosphere",POWER(Upgrades!$U$6,E5),1)*IF(Upgrades!$T$7="Magnetosphere",POWER(Upgrades!$U$7,F5),1)*IF(Upgrades!$T$8="Magnetosphere",POWER(Upgrades!$U$8,G5),1)*IF(Upgrades!$T$10="Magnetosphere",POWER(Upgrades!$U$10,I5),1)*IF(Upgrades!$T$11="Magnetosphere",POWER(Upgrades!$U$11,J5),1)*IF(Upgrades!$T$12="Magnetosphere",POWER(Upgrades!$U$12,K5),1))*POWER(Upgrades!$P$6,E5)*POWER(Upgrades!$P$7,F5)*POWER(Upgrades!$P$8,G5)*POWER(Upgrades!$P$9,H5)*POWER(Upgrades!$P$10,I5)*POWER(Upgrades!$P$11,J5)*POWER(Upgrades!$P$12,K5)*60 -> 0 | AE5: =(IF(K5=0,0,(Upgrades!$G$12+K5*Upgrades!$H$12)*POWER(Upgrades!$I$12,K5)))*(IF(Upgrades!$T$6="First Photons",POWER(Upgrades!$U$6,E5),1)*IF(Upgrades!$T$7="First Photons",POWER(Upgrades!$U$7,F5),1)*IF(Upgrades!$T$8="First Photons",POWER(Upgrades!$U$8,G5),1)*IF(Upgrades!$T$9="First Photons",POWER(Upgrades!$U$9,H5),1)*IF(Upgrades!$T$10="First Photons",POWER(Upgrades!$U$10,I5),1)*IF(Upgrades!$T$11="First Photons",POWER(Upgrades!$U$11,J5),1))*POWER(Upgrades!$P$6,E5)*POWER(Upgrades!$P$7,F5)*POWER(Upgrades!$P$8,G5)*POWER(Upgrades!$P$9,H5)*POWER(Upgrades!$P$10,I5)*POWER(Upgrades!$P$11,J5)*POWER(Upgrades!$P$12,K5)*60 -> 0 | AF5: =Parameters!$B$9*POWER(Upgrades!$Q$6,E5)*POWER(Upgrades!$Q$7,F5)*POWER(Upgrades!$Q$8,G5)*POWER(Upgrades!$Q$9,H5)*POWER(Upgrades!$Q$10,I5)*POWER(Upgrades!$Q$11,J5)*POWER(Upgrades!$Q$12,K5)*(Parameters!$B$10*Parameters!$B$11+O5*60) -> 100 | AG5: =IF(E5>=Upgrades!$E$6,"",Upgrades!$C$6*POWER(Upgrades!$D$6,E5)) -> 7 | AH5: =IF(F5>=Upgrades!$E$7,"",Upgrades!$C$7*POWER(Upgrades!$D$7,F5)) -> 20 | AI5: =IF(G5>=Upgrades!$E$8,"",Upgrades!$C$8*POWER(Upgrades!$D$8,G5)) -> 22 | AJ5: =IF(H5>=Upgrades!$E$9,"",Upgrades!$C$9*POWER(Upgrades!$D$9,H5)) -> 80 | AK5: =IF(I5>=Upgrades!$E$10,"",Upgrades!$C$10*POWER(Upgrades!$D$10,I5)) -> 240 | AL5: =IF(J5>=Upgrades!$E$11,"",Upgrades!$C$11*POWER(Upgrades!$D$11,J5)) -> 575 | AM5: =IF(K5>=Upgrades!$E$12,"",Upgrades!$C$12*POWER(Upgrades!$D$12,K5)) -> 850 | AN5: =IF(AND(D5>=Parameters!$B$18,(H5>=Upgrades!$E$9)*(K5>=Upgrades!$E$12)=1,L5=0),1,"") | AO5: =IF(AND(D5>=Parameters!$B$18,L5=0),1,"") | AP5: =MIN(IF(ISNUMBER(AK5),AK5,9000000000000000),IF(ISNUMBER(AL5),AL5,9000000000000000),IF(ISNUMBER(AM5),AM5,9000000000000000)) -> 240 | AQ5: =MIN(IF(ISNUMBER(AG5),AG5,9000000000000000),IF(ISNUMBER(AH5),AH5,9000000000000000),IF(ISNUMBER(AI5),AI5,9000000000000000),IF(ISNUMBER(AJ5),AJ5,9000000000000000)) -> 7 | AR5: =FALSE() -> FALSE | AS5: 0 | AT5: 0 | AU5: 0 | AV5: 0 | AW5: 0
A6: 1 | B6: =A6*10/60 -> 0.16666667 | C6: =X5 -> 0 | D6: =D5+W5 -> 0 | E6: =E5+IF(U5="SW",1,0) -> 0 | F6: =F5+IF(U5="AB",1,0) -> 0 | G6: =G5+IF(U5="SC",1,0) -> 0 | H6: =H5+IF(U5="Mag",1,0) -> 0 | I6: =MAX(I5,IF(U5="OR",1,0)) -> 0 | J6: =MAX(J5,IF(U5="HP",1,0)) -> 0 | K6: =MAX(K5,IF(U5="FP",1,0)) -> 0 | L6: =MAX(L5,IF(U5="transition",1,0)) -> 0 | M6: =(Parameters!$B$9+(IF(E6=0,0,(Upgrades!$J$6+E6*Upgrades!$K$6)*POWER(Upgrades!$L$6,E6)))*(IF(Upgrades!$T$7="Solar Wind",POWER(Upgrades!$U$7,F6),1)*IF(Upgrades!$T$8="Solar Wind",POWER(Upgrades!$U$8,G6),1)*IF(Upgrades!$T$9="Solar Wind",POWER(Upgrades!$U$9,H6),1)*IF(Upgrades!$T$10="Solar Wind",POWER(Upgrades!$U$10,I6),1)*IF(Upgrades!$T$11="Solar Wind",POWER(Upgrades!$U$11,J6),1)*IF(Upgrades!$T$12="Solar Wind",POWER(Upgrades!$U$12,K6),1))+(IF(F6=0,0,(Upgrades!$J$7+F6*Upgrades!$K$7)*POWER(Upgrades!$L$7,F6)))*(IF(Upgrades!$T$6="Asteroid Belt",POWER(Upgrades!$U$6,E6),1)*IF(Upgrades!$T$8="Asteroid Belt",POWER(Upgrades!$U$8,G6),1)*IF(Upgrades!$T$9="Asteroid Belt",POWER(Upgrades!$U$9,H6),1)*IF(Upgrades!$T$10="Asteroid Belt",POWER(Upgrades!$U$10,I6),1)*IF(Upgrades!$T$11="Asteroid Belt",POWER(Upgrades!$U$11,J6),1)*IF(Upgrades!$T$12="Asteroid Belt",POWER(Upgrades!$U$12,K6),1))+(IF(G6=0,0,(Upgrades!$J$8+G6*Upgrades!$K$8)*POWER(Upgrades!$L$8,G6)))*(IF(Upgrades!$T$6="Stellar Coupling",POWER(Upgrades!$U$6,E6),1)*IF(Upgrades!$T$7="Stellar Coupling",POWER(Upgrades!$U$7,F6),1)*IF(Upgrades!$T$9="Stellar Coupling",POWER(Upgrades!$U$9,H6),1)*IF(Upgrades!$T$10="Stellar Coupling",POWER(Upgrades!$U$10,I6),1)*IF(Upgrades!$T$11="Stellar Coupling",POWER(Upgrades!$U$11,J6),1)*IF(Upgrades!$T$12="Stellar Coupling",POWER(Upgrades!$U$12,K6),1))+(IF(H6=0,0,(Upgrades!$J$9+H6*Upgrades!$K$9)*POWER(Upgrades!$L$9,H6)))*(IF(Upgrades!$T$6="Magnetosphere",POWER(Upgrades!$U$6,E6),1)*IF(Upgrades!$T$7="Magnetosphere",POWER(Upgrades!$U$7,F6),1)*IF(Upgrades!$T$8="Magnetosphere",POWER(Upgrades!$U$8,G6),1)*IF(Upgrades!$T$10="Magnetosphere",POWER(Upgrades!$U$10,I6),1)*IF(Upgrades!$T$11="Magnetosphere",POWER(Upgrades!$U$11,J6),1)*IF(Upgrades!$T$12="Magnetosphere",POWER(Upgrades!$U$12,K6),1))+(IF(I6=0,0,(Upgrades!$J$10+I6*Upgrades!$K$10)*POWER(Upgrades!$L$10,I6)))*(IF(Upgrades!$T$6="Orbital Resonance",POWER(Upgrades!$U$6,E6),1)*IF(Upgrades!$T$7="Orbital Resonance",POWER(Upgrades!$U$7,F6),1)*IF(Upgrades!$T$8="Orbital Resonance",POWER(Upgrades!$U$8,G6),1)*IF(Upgrades!$T$9="Orbital Resonance",POWER(Upgrades!$U$9,H6),1)*IF(Upgrades!$T$11="Orbital Resonance",POWER(Upgrades!$U$11,J6),1)*IF(Upgrades!$T$12="Orbital Resonance",POWER(Upgrades!$U$12,K6),1))+(IF(J6=0,0,(Upgrades!$J$11+J6*Upgrades!$K$11)*POWER(Upgrades!$L$11,J6)))*(IF(Upgrades!$T$6="Heliopause",POWER(Upgrades!$U$6,E6),1)*IF(Upgrades!$T$7="Heliopause",POWER(Upgrades!$U$7,F6),1)*IF(Upgrades!$T$8="Heliopause",POWER(Upgrades!$U$8,G6),1)*IF(Upgrades!$T$9="Heliopause",POWER(Upgrades!$U$9,H6),1)*IF(Upgrades!$T$10="Heliopause",POWER(Upgrades!$U$10,I6),1)*IF(Upgrades!$T$12="Heliopause",POWER(Upgrades!$U$12,K6),1))+(IF(K6=0,0,(Upgrades!$J$12+K6*Upgrades!$K$12)*POWER(Upgrades!$L$12,K6)))*(IF(Upgrades!$T$6="First Photons",POWER(Upgrades!$U$6,E6),1)*IF(Upgrades!$T$7="First Photons",POWER(Upgrades!$U$7,F6),1)*IF(Upgrades!$T$8="First Photons",POWER(Upgrades!$U$8,G6),1)*IF(Upgrades!$T$9="First Photons",POWER(Upgrades!$U$9,H6),1)*IF(Upgrades!$T$10="First Photons",POWER(Upgrades!$U$10,I6),1)*IF(Upgrades!$T$11="First Photons",POWER(Upgrades!$U$11,J6),1)))*POWER(Upgrades!$Q$6,E6)*POWER(Upgrades!$Q$7,F6)*POWER(Upgrades!$Q$8,G6)*POWER(Upgrades!$Q$9,H6)*POWER(Upgrades!$Q$10,I6)*POWER(Upgrades!$Q$11,J6)*POWER(Upgrades!$Q$12,K6) -> 1 | N6: =((IF(E6=0,0,(Upgrades!$G$6+E6*Upgrades!$H$6)*POWER(Upgrades!$I$6,E6)))*(IF(Upgrades!$T$7="Solar Wind",POWER(Upgrades!$U$7,F6),1)*IF(Upgrades!$T$8="Solar Wind",POWER(Upgrades!$U$8,G6),1)*IF(Upgrades!$T$9="Solar Wind",POWER(Upgrades!$U$9,H6),1)*IF(Upgrades!$T$10="Solar Wind",POWER(Upgrades!$U$10,I6),1)*IF(Upgrades!$T$11="Solar Wind",POWER(Upgrades!$U$11,J6),1)*IF(Upgrades!$T$12="Solar Wind",POWER(Upgrades!$U$12,K6),1))+(IF(F6=0,0,(Upgrades!$G$7+F6*Upgrades!$H$7)*POWER(Upgrades!$I$7,F6)))*(IF(Upgrades!$T$6="Asteroid Belt",POWER(Upgrades!$U$6,E6),1)*IF(Upgrades!$T$8="Asteroid Belt",POWER(Upgrades!$U$8,G6),1)*IF(Upgrades!$T$9="Asteroid Belt",POWER(Upgrades!$U$9,H6),1)*IF(Upgrades!$T$10="Asteroid Belt",POWER(Upgrades!$U$10,I6),1)*IF(Upgrades!$T$11="Asteroid Belt",POWER(Upgrades!$U$11,J6),1)*IF(Upgrades!$T$12="Asteroid Belt",POWER(Upgrades!$U$12,K6),1))+(IF(G6=0,0,(Upgrades!$G$8+G6*Upgrades!$H$8)*POWER(Upgrades!$I$8,G6)))*(IF(Upgrades!$T$6="Stellar Coupling",POWER(Upgrades!$U$6,E6),1)*IF(Upgrades!$T$7="Stellar Coupling",POWER(Upgrades!$U$7,F6),1)*IF(Upgrades!$T$9="Stellar Coupling",POWER(Upgrades!$U$9,H6),1)*IF(Upgrades!$T$10="Stellar Coupling",POWER(Upgrades!$U$10,I6),1)*IF(Upgrades!$T$11="Stellar Coupling",POWER(Upgrades!$U$11,J6),1)*IF(Upgrades!$T$12="Stellar Coupling",POWER(Upgrades!$U$12,K6),1))+(IF(H6=0,0,(Upgrades!$G$9+H6*Upgrades!$H$9)*POWER(Upgrades!$I$9,H6)))*(IF(Upgrades!$T$6="Magnetosphere",POWER(Upgrades!$U$6,E6),1)*IF(Upgrades!$T$7="Magnetosphere",POWER(Upgrades!$U$7,F6),1)*IF(Upgrades!$T$8="Magnetosphere",POWER(Upgrades!$U$8,G6),1)*IF(Upgrades!$T$10="Magnetosphere",POWER(Upgrades!$U$10,I6),1)*IF(Upgrades!$T$11="Magnetosphere",POWER(Upgrades!$U$11,J6),1)*IF(Upgrades!$T$12="Magnetosphere",POWER(Upgrades!$U$12,K6),1))+(IF(I6=0,0,(Upgrades!$G$10+I6*Upgrades!$H$10)*POWER(Upgrades!$I$10,I6)))*(IF(Upgrades!$T$6="Orbital Resonance",POWER(Upgrades!$U$6,E6),1)*IF(Upgrades!$T$7="Orbital Resonance",POWER(Upgrades!$U$7,F6),1)*IF(Upgrades!$T$8="Orbital Resonance",POWER(Upgrades!$U$8,G6),1)*IF(Upgrades!$T$9="Orbital Resonance",POWER(Upgrades!$U$9,H6),1)*IF(Upgrades!$T$11="Orbital Resonance",POWER(Upgrades!$U$11,J6),1)*IF(Upgrades!$T$12="Orbital Resonance",POWER(Upgrades!$U$12,K6),1))+(IF(J6=0,0,(Upgrades!$G$11+J6*Upgrades!$H$11)*POWER(Upgrades!$I$11,J6)))*(IF(Upgrades!$T$6="Heliopause",POWER(Upgrades!$U$6,E6),1)*IF(Upgrades!$T$7="Heliopause",POWER(Upgrades!$U$7,F6),1)*IF(Upgrades!$T$8="Heliopause",POWER(Upgrades!$U$8,G6),1)*IF(Upgrades!$T$9="Heliopause",POWER(Upgrades!$U$9,H6),1)*IF(Upgrades!$T$10="Heliopause",POWER(Upgrades!$U$10,I6),1)*IF(Upgrades!$T$12="Heliopause",POWER(Upgrades!$U$12,K6),1))+(IF(K6=0,0,(Upgrades!$G$12+K6*Upgrades!$H$12)*POWER(Upgrades!$I$12,K6)))*(IF(Upgrades!$T$6="First Photons",POWER(Upgrades!$U$6,E6),1)*IF(Upgrades!$T$7="First Photons",POWER(Upgrades!$U$7,F6),1)*IF(Upgrades!$T$8="First Photons",POWER(Upgrades!$U$8,G6),1)*IF(Upgrades!$T$9="First Photons",POWER(Upgrades!$U$9,H6),1)*IF(Upgrades!$T$10="First Photons",POWER(Upgrades!$U$10,I6),1)*IF(Upgrades!$T$11="First Photons",POWER(Upgrades!$U$11,J6),1)))*POWER(Upgrades!$P$6,E6)*POWER(Upgrades!$P$7,F6)*POWER(Upgrades!$P$8,G6)*POWER(Upgrades!$P$9,H6)*POWER(Upgrades!$P$10,I6)*POWER(Upgrades!$P$11,J6)*POWER(Upgrades!$P$12,K6) -> 0 | O6: =((IF(E6=0,0,(Upgrades!$M$6+E6*Upgrades!$N$6)*POWER(Upgrades!$O$6,E6)))*(IF(Upgrades!$T$7="Solar Wind",POWER(Upgrades!$U$7,F6),1)*IF(Upgrades!$T$8="Solar Wind",POWER(Upgrades!$U$8,G6),1)*IF(Upgrades!$T$9="Solar Wind",POWER(Upgrades!$U$9,H6),1)*IF(Upgrades!$T$10="Solar Wind",POWER(Upgrades!$U$10,I6),1)*IF(Upgrades!$T$11="Solar Wind",POWER(Upgrades!$U$11,J6),1)*IF(Upgrades!$T$12="Solar Wind",POWER(Upgrades!$U$12,K6),1))+(IF(F6=0,0,(Upgrades!$M$7+F6*Upgrades!$N$7)*POWER(Upgrades!$O$7,F6)))*(IF(Upgrades!$T$6="Asteroid Belt",POWER(Upgrades!$U$6,E6),1)*IF(Upgrades!$T$8="Asteroid Belt",POWER(Upgrades!$U$8,G6),1)*IF(Upgrades!$T$9="Asteroid Belt",POWER(Upgrades!$U$9,H6),1)*IF(Upgrades!$T$10="Asteroid Belt",POWER(Upgrades!$U$10,I6),1)*IF(Upgrades!$T$11="Asteroid Belt",POWER(Upgrades!$U$11,J6),1)*IF(Upgrades!$T$12="Asteroid Belt",POWER(Upgrades!$U$12,K6),1))+(IF(G6=0,0,(Upgrades!$M$8+G6*Upgrades!$N$8)*POWER(Upgrades!$O$8,G6)))*(IF(Upgrades!$T$6="Stellar Coupling",POWER(Upgrades!$U$6,E6),1)*IF(Upgrades!$T$7="Stellar Coupling",POWER(Upgrades!$U$7,F6),1)*IF(Upgrades!$T$9="Stellar Coupling",POWER(Upgrades!$U$9,H6),1)*IF(Upgrades!$T$10="Stellar Coupling",POWER(Upgrades!$U$10,I6),1)*IF(Upgrades!$T$11="Stellar Coupling",POWER(Upgrades!$U$11,J6),1)*IF(Upgrades!$T$12="Stellar Coupling",POWER(Upgrades!$U$12,K6),1))+(IF(H6=0,0,(Upgrades!$M$9+H6*Upgrades!$N$9)*POWER(Upgrades!$O$9,H6)))*(IF(Upgrades!$T$6="Magnetosphere",POWER(Upgrades!$U$6,E6),1)*IF(Upgrades!$T$7="Magnetosphere",POWER(Upgrades!$U$7,F6),1)*IF(Upgrades!$T$8="Magnetosphere",POWER(Upgrades!$U$8,G6),1)*IF(Upgrades!$T$10="Magnetosphere",POWER(Upgrades!$U$10,I6),1)*IF(Upgrades!$T$11="Magnetosphere",POWER(Upgrades!$U$11,J6),1)*IF(Upgrades!$T$12="Magnetosphere",POWER(Upgrades!$U$12,K6),1))+(IF(I6=0,0,(Upgrades!$M$10+I6*Upgrades!$N$10)*POWER(Upgrades!$O$10,I6)))*(IF(Upgrades!$T$6="Orbital Resonance",POWER(Upgrades!$U$6,E6),1)*IF(Upgrades!$T$7="Orbital Resonance",POWER(Upgrades!$U$7,F6),1)*IF(Upgrades!$T$8="Orbital Resonance",POWER(Upgrades!$U$8,G6),1)*IF(Upgrades!$T$9="Orbital Resonance",POWER(Upgrades!$U$9,H6),1)*IF(Upgrades!$T$11="Orbital Resonance",POWER(Upgrades!$U$11,J6),1)*IF(Upgrades!$T$12="Orbital Resonance",POWER(Upgrades!$U$12,K6),1))+(IF(J6=0,0,(Upgrades!$M$11+J6*Upgrades!$N$11)*POWER(Upgrades!$O$11,J6)))*(IF(Upgrades!$T$6="Heliopause",POWER(Upgrades!$U$6,E6),1)*IF(Upgrades!$T$7="Heliopause",POWER(Upgrades!$U$7,F6),1)*IF(Upgrades!$T$8="Heliopause",POWER(Upgrades!$U$8,G6),1)*IF(Upgrades!$T$9="Heliopause",POWER(Upgrades!$U$9,H6),1)*IF(Upgrades!$T$10="Heliopause",POWER(Upgrades!$U$10,I6),1)*IF(Upgrades!$T$12="Heliopause",POWER(Upgrades!$U$12,K6),1))+(IF(K6=0,0,(Upgrades!$M$12+K6*Upgrades!$N$12)*POWER(Upgrades!$O$12,K6)))*(IF(Upgrades!$T$6="First Photons",POWER(Upgrades!$U$6,E6),1)*IF(Upgrades!$T$7="First Photons",POWER(Upgrades!$U$7,F6),1)*IF(Upgrades!$T$8="First Photons",POWER(Upgrades!$U$8,G6),1)*IF(Upgrades!$T$9="First Photons",POWER(Upgrades!$U$9,H6),1)*IF(Upgrades!$T$10="First Photons",POWER(Upgrades!$U$10,I6),1)*IF(Upgrades!$T$11="First Photons",POWER(Upgrades!$U$11,J6),1)))*POWER(Upgrades!$R$6,E6)*POWER(Upgrades!$R$7,F6)*POWER(Upgrades!$R$8,G6)*POWER(Upgrades!$R$9,H6)*POWER(Upgrades!$R$10,I6)*POWER(Upgrades!$R$11,J6)*POWER(Upgrades!$R$12,K6) -> 0 | P6: =IF(L6=1,0,M6*Parameters!$B$10/60*Parameters!$B$11*10) -> 16.666667 | Q6: =IF(L6=1,0,O6*M6*10) -> 0 | R6: =IF(L6=1,0,N6*10) -> 0 | S6: =P6+Q6+R6 -> 16.666667 | T6: =C6+S6 -> 16.666667 | U6: =AX6 | V6: =IF(U6="",0,IF(U6="transition",0,IF(U6="SW",AG6,IF(U6="AB",AH6,IF(U6="SC",AI6,IF(U6="Mag",AJ6,IF(U6="OR",AK6,IF(U6="HP",AL6,IF(U6="FP",AM6,0))))))))) -> 0 | W6: =IF(U6="OR",Upgrades!$F$10,IF(U6="HP",Upgrades!$F$11,IF(U6="transition",-Parameters!$B$18,0))) -> 0 | X6: =T6-V6 -> 16.666667 | Y6: =M6*Parameters!$B$10/60*Parameters!$B$11+O6*M6+N6 -> 1.6666667 | Z6: =IF(U6="transition","→ Tier 2 (Stellar Neighborhood)",IF(U6="FP","First Photons — light begins, system quickens",IF(U6="HP","Heliopause acquired",IF(U6="OR","Orbital Resonance — passive multiplier active",IF(AND(AO6=1,L6=0,AN6<>1),"Cohesion ready (waiting on completionist upgrades)",""))))) | AA6: =(IF(E6=0,0,(Upgrades!$G$6+E6*Upgrades!$H$6)*POWER(Upgrades!$I$6,E6)))*(IF(Upgrades!$T$7="Solar Wind",POWER(Upgrades!$U$7,F6),1)*IF(Upgrades!$T$8="Solar Wind",POWER(Upgrades!$U$8,G6),1)*IF(Upgrades!$T$9="Solar Wind",POWER(Upgrades!$U$9,H6),1)*IF(Upgrades!$T$10="Solar Wind",POWER(Upgrades!$U$10,I6),1)*IF(Upgrades!$T$11="Solar Wind",POWER(Upgrades!$U$11,J6),1)*IF(Upgrades!$T$12="Solar Wind",POWER(Upgrades!$U$12,K6),1))*POWER(Upgrades!$P$6,E6)*POWER(Upgrades!$P$7,F6)*POWER(Upgrades!$P$8,G6)*POWER(Upgrades!$P$9,H6)*POWER(Upgrades!$P$10,I6)*POWER(Upgrades!$P$11,J6)*POWER(Upgrades!$P$12,K6)*60 -> 0 | AB6: =(IF(F6=0,0,(Upgrades!$G$7+F6*Upgrades!$H$7)*POWER(Upgrades!$I$7,F6)))*(IF(Upgrades!$T$6="Asteroid Belt",POWER(Upgrades!$U$6,E6),1)*IF(Upgrades!$T$8="Asteroid Belt",POWER(Upgrades!$U$8,G6),1)*IF(Upgrades!$T$9="Asteroid Belt",POWER(Upgrades!$U$9,H6),1)*IF(Upgrades!$T$10="Asteroid Belt",POWER(Upgrades!$U$10,I6),1)*IF(Upgrades!$T$11="Asteroid Belt",POWER(Upgrades!$U$11,J6),1)*IF(Upgrades!$T$12="Asteroid Belt",POWER(Upgrades!$U$12,K6),1))*POWER(Upgrades!$P$6,E6)*POWER(Upgrades!$P$7,F6)*POWER(Upgrades!$P$8,G6)*POWER(Upgrades!$P$9,H6)*POWER(Upgrades!$P$10,I6)*POWER(Upgrades!$P$11,J6)*POWER(Upgrades!$P$12,K6)*60 -> 0 | AC6: =(IF(G6=0,0,(Upgrades!$J$8+G6*Upgrades!$K$8)*POWER(Upgrades!$L$8,G6)))*(IF(Upgrades!$T$6="Stellar Coupling",POWER(Upgrades!$U$6,E6),1)*IF(Upgrades!$T$7="Stellar Coupling",POWER(Upgrades!$U$7,F6),1)*IF(Upgrades!$T$9="Stellar Coupling",POWER(Upgrades!$U$9,H6),1)*IF(Upgrades!$T$10="Stellar Coupling",POWER(Upgrades!$U$10,I6),1)*IF(Upgrades!$T$11="Stellar Coupling",POWER(Upgrades!$U$11,J6),1)*IF(Upgrades!$T$12="Stellar Coupling",POWER(Upgrades!$U$12,K6),1))*POWER(Upgrades!$Q$6,E6)*POWER(Upgrades!$Q$7,F6)*POWER(Upgrades!$Q$8,G6)*POWER(Upgrades!$Q$9,H6)*POWER(Upgrades!$Q$10,I6)*POWER(Upgrades!$Q$11,J6)*POWER(Upgrades!$Q$12,K6)*Parameters!$B$10*Parameters!$B$11 -> 0 | AD6: =(IF(H6=0,0,(Upgrades!$G$9+H6*Upgrades!$H$9)*POWER(Upgrades!$I$9,H6)))*(IF(Upgrades!$T$6="Magnetosphere",POWER(Upgrades!$U$6,E6),1)*IF(Upgrades!$T$7="Magnetosphere",POWER(Upgrades!$U$7,F6),1)*IF(Upgrades!$T$8="Magnetosphere",POWER(Upgrades!$U$8,G6),1)*IF(Upgrades!$T$10="Magnetosphere",POWER(Upgrades!$U$10,I6),1)*IF(Upgrades!$T$11="Magnetosphere",POWER(Upgrades!$U$11,J6),1)*IF(Upgrades!$T$12="Magnetosphere",POWER(Upgrades!$U$12,K6),1))*POWER(Upgrades!$P$6,E6)*POWER(Upgrades!$P$7,F6)*POWER(Upgrades!$P$8,G6)*POWER(Upgrades!$P$9,H6)*POWER(Upgrades!$P$10,I6)*POWER(Upgrades!$P$11,J6)*POWER(Upgrades!$P$12,K6)*60 -> 0 | AE6: =(IF(K6=0,0,(Upgrades!$G$12+K6*Upgrades!$H$12)*POWER(Upgrades!$I$12,K6)))*(IF(Upgrades!$T$6="First Photons",POWER(Upgrades!$U$6,E6),1)*IF(Upgrades!$T$7="First Photons",POWER(Upgrades!$U$7,F6),1)*IF(Upgrades!$T$8="First Photons",POWER(Upgrades!$U$8,G6),1)*IF(Upgrades!$T$9="First Photons",POWER(Upgrades!$U$9,H6),1)*IF(Upgrades!$T$10="First Photons",POWER(Upgrades!$U$10,I6),1)*IF(Upgrades!$T$11="First Photons",POWER(Upgrades!$U$11,J6),1))*POWER(Upgrades!$P$6,E6)*POWER(Upgrades!$P$7,F6)*POWER(Upgrades!$P$8,G6)*POWER(Upgrades!$P$9,H6)*POWER(Upgrades!$P$10,I6)*POWER(Upgrades!$P$11,J6)*POWER(Upgrades!$P$12,K6)*60 -> 0 | AF6: =Parameters!$B$9*POWER(Upgrades!$Q$6,E6)*POWER(Upgrades!$Q$7,F6)*POWER(Upgrades!$Q$8,G6)*POWER(Upgrades!$Q$9,H6)*POWER(Upgrades!$Q$10,I6)*POWER(Upgrades!$Q$11,J6)*POWER(Upgrades!$Q$12,K6)*(Parameters!$B$10*Parameters!$B$11+O6*60) -> 100 | AG6: =IF(E6>=Upgrades!$E$6,"",Upgrades!$C$6*POWER(Upgrades!$D$6,E6)) -> 7 | AH6: =IF(F6>=Upgrades!$E$7,"",Upgrades!$C$7*POWER(Upgrades!$D$7,F6)) -> 20 | AI6: =IF(G6>=Upgrades!$E$8,"",Upgrades!$C$8*POWER(Upgrades!$D$8,G6)) -> 22 | AJ6: =IF(H6>=Upgrades!$E$9,"",Upgrades!$C$9*POWER(Upgrades!$D$9,H6)) -> 80 | AK6: =IF(I6>=Upgrades!$E$10,"",Upgrades!$C$10*POWER(Upgrades!$D$10,I6)) -> 240 | AL6: =IF(J6>=Upgrades!$E$11,"",Upgrades!$C$11*POWER(Upgrades!$D$11,J6)) -> 575 | AM6: =IF(K6>=Upgrades!$E$12,"",Upgrades!$C$12*POWER(Upgrades!$D$12,K6)) -> 850 | AN6: =IF(AND(D6>=Parameters!$B$18,(H6>=Upgrades!$E$9)*(K6>=Upgrades!$E$12)=1,L6=0),1,"") | AO6: =IF(AND(D6>=Parameters!$B$18,L6=0),1,"") | AP6: =MIN(IF(ISNUMBER(AK6),AK6,9000000000000000),IF(ISNUMBER(AL6),AL6,9000000000000000),IF(ISNUMBER(AM6),AM6,9000000000000000)) -> 240 | AQ6: =MIN(IF(ISNUMBER(AG6),AG6,9000000000000000),IF(ISNUMBER(AH6),AH6,9000000000000000),IF(ISNUMBER(AI6),AI6,9000000000000000),IF(ISNUMBER(AJ6),AJ6,9000000000000000)) -> 7 | AR6: =IF(AW6>Parameters!$B$21*(MAX(IF(AND(NOT(AND(AO6=1,AN6<>1)),ISNUMBER(AG6),AG6<=T6),AS6,0),IF(AND(NOT(AND(AO6=1,AN6<>1)),ISNUMBER(AH6),AH6<=T6),AT6,0),IF(AND(NOT(AND(AO6=1,AN6<>1)),ISNUMBER(AI6),AI6<=T6),AU6,0),IF(AND(ISNUMBER(AJ6),AJ6<=T6),AV6,0))),TRUE(),FALSE()) -> TRUE | AS6: =IFERROR(Upgrades!$H$6*(POWER(Upgrades!$P$6,E6)*POWER(Upgrades!$P$7,F6)*POWER(Upgrades!$P$8,G6)*POWER(Upgrades!$P$9,H6)*POWER(Upgrades!$P$10,I6)*POWER(Upgrades!$P$11,J6)*POWER(Upgrades!$P$12,K6))*(IF(Upgrades!$T$7="Solar Wind",POWER(Upgrades!$U$7,F6),1)*IF(Upgrades!$T$8="Solar Wind",POWER(Upgrades!$U$8,G6),1)*IF(Upgrades!$T$9="Solar Wind",POWER(Upgrades!$U$9,H6),1)*IF(Upgrades!$T$10="Solar Wind",POWER(Upgrades!$U$10,I6),1)*IF(Upgrades!$T$11="Solar Wind",POWER(Upgrades!$U$11,J6),1)*IF(Upgrades!$T$12="Solar Wind",POWER(Upgrades!$U$12,K6),1))/AG6,0) -> 0.011428571 | AT6: =IFERROR(Upgrades!$H$7*(POWER(Upgrades!$P$6,E6)*POWER(Upgrades!$P$7,F6)*POWER(Upgrades!$P$8,G6)*POWER(Upgrades!$P$9,H6)*POWER(Upgrades!$P$10,I6)*POWER(Upgrades!$P$11,J6)*POWER(Upgrades!$P$12,K6))*(IF(Upgrades!$T$6="Asteroid Belt",POWER(Upgrades!$U$6,E6),1)*IF(Upgrades!$T$8="Asteroid Belt",POWER(Upgrades!$U$8,G6),1)*IF(Upgrades!$T$9="Asteroid Belt",POWER(Upgrades!$U$9,H6),1)*IF(Upgrades!$T$10="Asteroid Belt",POWER(Upgrades!$U$10,I6),1)*IF(Upgrades!$T$11="Asteroid Belt",POWER(Upgrades!$U$11,J6),1)*IF(Upgrades!$T$12="Asteroid Belt",POWER(Upgrades!$U$12,K6),1))/AH6,0) -> 0.01 | AU6: =IFERROR(Upgrades!$K$8*(POWER(Upgrades!$Q$6,E6)*POWER(Upgrades!$Q$7,F6)*POWER(Upgrades!$Q$8,G6)*POWER(Upgrades!$Q$9,H6)*POWER(Upgrades!$Q$10,I6)*POWER(Upgrades!$Q$11,J6)*POWER(Upgrades!$Q$12,K6))*(IF(Upgrades!$T$6="Stellar Coupling",POWER(Upgrades!$U$6,E6),1)*IF(Upgrades!$T$7="Stellar Coupling",POWER(Upgrades!$U$7,F6),1)*IF(Upgrades!$T$9="Stellar Coupling",POWER(Upgrades!$U$9,H6),1)*IF(Upgrades!$T$10="Stellar Coupling",POWER(Upgrades!$U$10,I6),1)*IF(Upgrades!$T$11="Stellar Coupling",POWER(Upgrades!$U$11,J6),1)*IF(Upgrades!$T$12="Stellar Coupling",POWER(Upgrades!$U$12,K6),1))*Parameters!$B$10*Parameters!$B$11/60/AI6,0) -> 0.026515152 | AV6: =IFERROR(Upgrades!$H$9*(POWER(Upgrades!$P$6,E6)*POWER(Upgrades!$P$7,F6)*POWER(Upgrades!$P$8,G6)*POWER(Upgrades!$P$9,H6)*POWER(Upgrades!$P$10,I6)*POWER(Upgrades!$P$11,J6)*POWER(Upgrades!$P$12,K6))*(IF(Upgrades!$T$6="Magnetosphere",POWER(Upgrades!$U$6,E6),1)*IF(Upgrades!$T$7="Magnetosphere",POWER(Upgrades!$U$7,F6),1)*IF(Upgrades!$T$8="Magnetosphere",POWER(Upgrades!$U$8,G6),1)*IF(Upgrades!$T$10="Magnetosphere",POWER(Upgrades!$U$10,I6),1)*IF(Upgrades!$T$11="Magnetosphere",POWER(Upgrades!$U$11,J6),1)*IF(Upgrades!$T$12="Magnetosphere",POWER(Upgrades!$U$12,K6),1))/AJ6,0) -> 0.0125 | AW6: =MAX(IF(I6>0,0,IFERROR(0.25*N6/Upgrades!$C$10,0)),IF(J6>0,0,IFERROR(0.5*((IF(G6=0,0,(Upgrades!$J$8+G6*Upgrades!$K$8)*POWER(Upgrades!$L$8,G6)))*(IF(Upgrades!$T$6="Stellar Coupling",POWER(Upgrades!$U$6,E6),1)*IF(Upgrades!$T$7="Stellar Coupling",POWER(Upgrades!$U$7,F6),1)*IF(Upgrades!$T$9="Stellar Coupling",POWER(Upgrades!$U$9,H6),1)*IF(Upgrades!$T$10="Stellar Coupling",POWER(Upgrades!$U$10,I6),1)*IF(Upgrades!$T$11="Stellar Coupling",POWER(Upgrades!$U$11,J6),1)*IF(Upgrades!$T$12="Stellar Coupling",POWER(Upgrades!$U$12,K6),1))*(POWER(Upgrades!$Q$6,E6)*POWER(Upgrades!$Q$7,F6)*POWER(Upgrades!$Q$8,G6)*POWER(Upgrades!$Q$9,H6)*POWER(Upgrades!$Q$10,I6)*POWER(Upgrades!$Q$11,J6)*POWER(Upgrades!$Q$12,K6))*Parameters!$B$10*Parameters!$B$11/60)/Upgrades!$C$11,0)),IF(K6>0,0,IFERROR((1*(POWER(Upgrades!$P$6,E6)*POWER(Upgrades!$P$7,F6)*POWER(Upgrades!$P$8,G6)*POWER(Upgrades!$P$9,H6)*POWER(Upgrades!$P$10,I6)*POWER(Upgrades!$P$11,J6)*POWER(Upgrades!$P$12,K6))+0.2*M6*Parameters!$B$10*Parameters!$B$11/60)/Upgrades!$C$12,0)),IF(AND(ISNUMBER(AG6),AG6>T6),AS6,0),IF(AND(ISNUMBER(AH6),AH6>T6),AT6,0),IF(AND(ISNUMBER(AI6),AI6>T6),AU6,0),IF(AND(ISNUMBER(AJ6),AJ6>T6),AV6,0)) -> 0.026515152 | AX6: =IF(AN6=1,"transition",IF(MIN(IF(AND(I6=0,ISNUMBER(AK6),AK6<=T6),AK6,9000000000000000),IF(AND(J6=0,ISNUMBER(AL6),AL6<=T6),AL6,9000000000000000),IF(AND(K6=0,ISNUMBER(AM6),AM6<=T6),AM6,9000000000000000))<9000000000000000,IF(AND(AND(I6=0,ISNUMBER(AK6),AK6<=T6),AK6=MIN(IF(AND(I6=0,ISNUMBER(AK6),AK6<=T6),AK6,9000000000000000),IF(AND(J6=0,ISNUMBER(AL6),AL6<=T6),AL6,9000000000000000),IF(AND(K6=0,ISNUMBER(AM6),AM6<=T6),AM6,9000000000000000))),"OR",IF(AND(AND(J6=0,ISNUMBER(AL6),AL6<=T6),AL6=MIN(IF(AND(I6=0,ISNUMBER(AK6),AK6<=T6),AK6,9000000000000000),IF(AND(J6=0,ISNUMBER(AL6),AL6<=T6),AL6,9000000000000000),IF(AND(K6=0,ISNUMBER(AM6),AM6<=T6),AM6,9000000000000000))),"HP","FP")),IF(AR6=TRUE(),"",IF(MAX(IF(AND(NOT(AND(AO6=1,AN6<>1)),ISNUMBER(AG6),AG6<=T6),AS6,0),IF(AND(NOT(AND(AO6=1,AN6<>1)),ISNUMBER(AH6),AH6<=T6),AT6,0),IF(AND(NOT(AND(AO6=1,AN6<>1)),ISNUMBER(AI6),AI6<=T6),AU6,0),IF(AND(ISNUMBER(AJ6),AJ6<=T6),AV6,0))<=0,"",IF(AND(IF(AND(NOT(AND(AO6=1,AN6<>1)),ISNUMBER(AG6),AG6<=T6),AS6,0)>0,IF(AND(NOT(AND(AO6=1,AN6<>1)),ISNUMBER(AG6),AG6<=T6),AS6,0)=MAX(IF(AND(NOT(AND(AO6=1,AN6<>1)),ISNUMBER(AG6),AG6<=T6),AS6,0),IF(AND(NOT(AND(AO6=1,AN6<>1)),ISNUMBER(AH6),AH6<=T6),AT6,0),IF(AND(NOT(AND(AO6=1,AN6<>1)),ISNUMBER(AI6),AI6<=T6),AU6,0),IF(AND(ISNUMBER(AJ6),AJ6<=T6),AV6,0))),"SW",IF(AND(IF(AND(NOT(AND(AO6=1,AN6<>1)),ISNUMBER(AH6),AH6<=T6),AT6,0)>0,IF(AND(NOT(AND(AO6=1,AN6<>1)),ISNUMBER(AH6),AH6<=T6),AT6,0)=MAX(IF(AND(NOT(AND(AO6=1,AN6<>1)),ISNUMBER(AG6),AG6<=T6),AS6,0),IF(AND(NOT(AND(AO6=1,AN6<>1)),ISNUMBER(AH6),AH6<=T6),AT6,0),IF(AND(NOT(AND(AO6=1,AN6<>1)),ISNUMBER(AI6),AI6<=T6),AU6,0),IF(AND(ISNUMBER(AJ6),AJ6<=T6),AV6,0))),"AB",IF(AND(IF(AND(NOT(AND(AO6=1,AN6<>1)),ISNUMBER(AI6),AI6<=T6),AU6,0)>0,IF(AND(NOT(AND(AO6=1,AN6<>1)),ISNUMBER(AI6),AI6<=T6),AU6,0)=MAX(IF(AND(NOT(AND(AO6=1,AN6<>1)),ISNUMBER(AG6),AG6<=T6),AS6,0),IF(AND(NOT(AND(AO6=1,AN6<>1)),ISNUMBER(AH6),AH6<=T6),AT6,0),IF(AND(NOT(AND(AO6=1,AN6<>1)),ISNUMBER(AI6),AI6<=T6),AU6,0),IF(AND(ISNUMBER(AJ6),AJ6<=T6),AV6,0))),"SC","Mag")))))))
A7: 2 | B7: =A7*10/60 -> 0.33333333 | C7: =X6 -> 16.666667 | D7: =D6+W6 -> 0 | E7: =E6+IF(U6="SW",1,0) -> 0 | F7: =F6+IF(U6="AB",1,0) -> 0 | G7: =G6+IF(U6="SC",1,0) -> 0 | H7: =H6+IF(U6="Mag",1,0) -> 0 | I7: =MAX(I6,IF(U6="OR",1,0)) -> 0 | J7: =MAX(J6,IF(U6="HP",1,0)) -> 0 | K7: =MAX(K6,IF(U6="FP",1,0)) -> 0 | L7: =MAX(L6,IF(U6="transition",1,0)) -> 0 | M7: =(Parameters!$B$9+(IF(E7=0,0,(Upgrades!$J$6+E7*Upgrades!$K$6)*POWER(Upgrades!$L$6,E7)))*(IF(Upgrades!$T$7="Solar Wind",POWER(Upgrades!$U$7,F7),1)*IF(Upgrades!$T$8="Solar Wind",POWER(Upgrades!$U$8,G7),1)*IF(Upgrades!$T$9="Solar Wind",POWER(Upgrades!$U$9,H7),1)*IF(Upgrades!$T$10="Solar Wind",POWER(Upgrades!$U$10,I7),1)*IF(Upgrades!$T$11="Solar Wind",POWER(Upgrades!$U$11,J7),1)*IF(Upgrades!$T$12="Solar Wind",POWER(Upgrades!$U$12,K7),1))+(IF(F7=0,0,(Upgrades!$J$7+F7*Upgrades!$K$7)*POWER(Upgrades!$L$7,F7)))*(IF(Upgrades!$T$6="Asteroid Belt",POWER(Upgrades!$U$6,E7),1)*IF(Upgrades!$T$8="Asteroid Belt",POWER(Upgrades!$U$8,G7),1)*IF(Upgrades!$T$9="Asteroid Belt",POWER(Upgrades!$U$9,H7),1)*IF(Upgrades!$T$10="Asteroid Belt",POWER(Upgrades!$U$10,I7),1)*IF(Upgrades!$T$11="Asteroid Belt",POWER(Upgrades!$U$11,J7),1)*IF(Upgrades!$T$12="Asteroid Belt",POWER(Upgrades!$U$12,K7),1))+(IF(G7=0,0,(Upgrades!$J$8+G7*Upgrades!$K$8)*POWER(Upgrades!$L$8,G7)))*(IF(Upgrades!$T$6="Stellar Coupling",POWER(Upgrades!$U$6,E7),1)*IF(Upgrades!$T$7="Stellar Coupling",POWER(Upgrades!$U$7,F7),1)*IF(Upgrades!$T$9="Stellar Coupling",POWER(Upgrades!$U$9,H7),1)*IF(Upgrades!$T$10="Stellar Coupling",POWER(Upgrades!$U$10,I7),1)*IF(Upgrades!$T$11="Stellar Coupling",POWER(Upgrades!$U$11,J7),1)*IF(Upgrades!$T$12="Stellar Coupling",POWER(Upgrades!$U$12,K7),1))+(IF(H7=0,0,(Upgrades!$J$9+H7*Upgrades!$K$9)*POWER(Upgrades!$L$9,H7)))*(IF(Upgrades!$T$6="Magnetosphere",POWER(Upgrades!$U$6,E7),1)*IF(Upgrades!$T$7="Magnetosphere",POWER(Upgrades!$U$7,F7),1)*IF(Upgrades!$T$8="Magnetosphere",POWER(Upgrades!$U$8,G7),1)*IF(Upgrades!$T$10="Magnetosphere",POWER(Upgrades!$U$10,I7),1)*IF(Upgrades!$T$11="Magnetosphere",POWER(Upgrades!$U$11,J7),1)*IF(Upgrades!$T$12="Magnetosphere",POWER(Upgrades!$U$12,K7),1))+(IF(I7=0,0,(Upgrades!$J$10+I7*Upgrades!$K$10)*POWER(Upgrades!$L$10,I7)))*(IF(Upgrades!$T$6="Orbital Resonance",POWER(Upgrades!$U$6,E7),1)*IF(Upgrades!$T$7="Orbital Resonance",POWER(Upgrades!$U$7,F7),1)*IF(Upgrades!$T$8="Orbital Resonance",POWER(Upgrades!$U$8,G7),1)*IF(Upgrades!$T$9="Orbital Resonance",POWER(Upgrades!$U$9,H7),1)*IF(Upgrades!$T$11="Orbital Resonance",POWER(Upgrades!$U$11,J7),1)*IF(Upgrades!$T$12="Orbital Resonance",POWER(Upgrades!$U$12,K7),1))+(IF(J7=0,0,(Upgrades!$J$11+J7*Upgrades!$K$11)*POWER(Upgrades!$L$11,J7)))*(IF(Upgrades!$T$6="Heliopause",POWER(Upgrades!$U$6,E7),1)*IF(Upgrades!$T$7="Heliopause",POWER(Upgrades!$U$7,F7),1)*IF(Upgrades!$T$8="Heliopause",POWER(Upgrades!$U$8,G7),1)*IF(Upgrades!$T$9="Heliopause",POWER(Upgrades!$U$9,H7),1)*IF(Upgrades!$T$10="Heliopause",POWER(Upgrades!$U$10,I7),1)*IF(Upgrades!$T$12="Heliopause",POWER(Upgrades!$U$12,K7),1))+(IF(K7=0,0,(Upgrades!$J$12+K7*Upgrades!$K$12)*POWER(Upgrades!$L$12,K7)))*(IF(Upgrades!$T$6="First Photons",POWER(Upgrades!$U$6,E7),1)*IF(Upgrades!$T$7="First Photons",POWER(Upgrades!$U$7,F7),1)*IF(Upgrades!$T$8="First Photons",POWER(Upgrades!$U$8,G7),1)*IF(Upgrades!$T$9="First Photons",POWER(Upgrades!$U$9,H7),1)*IF(Upgrades!$T$10="First Photons",POWER(Upgrades!$U$10,I7),1)*IF(Upgrades!$T$11="First Photons",POWER(Upgrades!$U$11,J7),1)))*POWER(Upgrades!$Q$6,E7)*POWER(Upgrades!$Q$7,F7)*POWER(Upgrades!$Q$8,G7)*POWER(Upgrades!$Q$9,H7)*POWER(Upgrades!$Q$10,I7)*POWER(Upgrades!$Q$11,J7)*POWER(Upgrades!$Q$12,K7) -> 1 | N7: =((IF(E7=0,0,(Upgrades!$G$6+E7*Upgrades!$H$6)*POWER(Upgrades!$I$6,E7)))*(IF(Upgrades!$T$7="Solar Wind",POWER(Upgrades!$U$7,F7),1)*IF(Upgrades!$T$8="Solar Wind",POWER(Upgrades!$U$8,G7),1)*IF(Upgrades!$T$9="Solar Wind",POWER(Upgrades!$U$9,H7),1)*IF(Upgrades!$T$10="Solar Wind",POWER(Upgrades!$U$10,I7),1)*IF(Upgrades!$T$11="Solar Wind",POWER(Upgrades!$U$11,J7),1)*IF(Upgrades!$T$12="Solar Wind",POWER(Upgrades!$U$12,K7),1))+(IF(F7=0,0,(Upgrades!$G$7+F7*Upgrades!$H$7)*POWER(Upgrades!$I$7,F7)))*(IF(Upgrades!$T$6="Asteroid Belt",POWER(Upgrades!$U$6,E7),1)*IF(Upgrades!$T$8="Asteroid Belt",POWER(Upgrades!$U$8,G7),1)*IF(Upgrades!$T$9="Asteroid Belt",POWER(Upgrades!$U$9,H7),1)*IF(Upgrades!$T$10="Asteroid Belt",POWER(Upgrades!$U$10,I7),1)*IF(Upgrades!$T$11="Asteroid Belt",POWER(Upgrades!$U$11,J7),1)*IF(Upgrades!$T$12="Asteroid Belt",POWER(Upgrades!$U$12,K7),1))+(IF(G7=0,0,(Upgrades!$G$8+G7*Upgrades!$H$8)*POWER(Upgrades!$I$8,G7)))*(IF(Upgrades!$T$6="Stellar Coupling",POWER(Upgrades!$U$6,E7),1)*IF(Upgrades!$T$7="Stellar Coupling",POWER(Upgrades!$U$7,F7),1)*IF(Upgrades!$T$9="Stellar Coupling",POWER(Upgrades!$U$9,H7),1)*IF(Upgrades!$T$10="Stellar Coupling",POWER(Upgrades!$U$10,I7),1)*IF(Upgrades!$T$11="Stellar Coupling",POWER(Upgrades!$U$11,J7),1)*IF(Upgrades!$T$12="Stellar Coupling",POWER(Upgrades!$U$12,K7),1))+(IF(H7=0,0,(Upgrades!$G$9+H7*Upgrades!$H$9)*POWER(Upgrades!$I$9,H7)))*(IF(Upgrades!$T$6="Magnetosphere",POWER(Upgrades!$U$6,E7),1)*IF(Upgrades!$T$7="Magnetosphere",POWER(Upgrades!$U$7,F7),1)*IF(Upgrades!$T$8="Magnetosphere",POWER(Upgrades!$U$8,G7),1)*IF(Upgrades!$T$10="Magnetosphere",POWER(Upgrades!$U$10,I7),1)*IF(Upgrades!$T$11="Magnetosphere",POWER(Upgrades!$U$11,J7),1)*IF(Upgrades!$T$12="Magnetosphere",POWER(Upgrades!$U$12,K7),1))+(IF(I7=0,0,(Upgrades!$G$10+I7*Upgrades!$H$10)*POWER(Upgrades!$I$10,I7)))*(IF(Upgrades!$T$6="Orbital Resonance",POWER(Upgrades!$U$6,E7),1)*IF(Upgrades!$T$7="Orbital Resonance",POWER(Upgrades!$U$7,F7),1)*IF(Upgrades!$T$8="Orbital Resonance",POWER(Upgrades!$U$8,G7),1)*IF(Upgrades!$T$9="Orbital Resonance",POWER(Upgrades!$U$9,H7),1)*IF(Upgrades!$T$11="Orbital Resonance",POWER(Upgrades!$U$11,J7),1)*IF(Upgrades!$T$12="Orbital Resonance",POWER(Upgrades!$U$12,K7),1))+(IF(J7=0,0,(Upgrades!$G$11+J7*Upgrades!$H$11)*POWER(Upgrades!$I$11,J7)))*(IF(Upgrades!$T$6="Heliopause",POWER(Upgrades!$U$6,E7),1)*IF(Upgrades!$T$7="Heliopause",POWER(Upgrades!$U$7,F7),1)*IF(Upgrades!$T$8="Heliopause",POWER(Upgrades!$U$8,G7),1)*IF(Upgrades!$T$9="Heliopause",POWER(Upgrades!$U$9,H7),1)*IF(Upgrades!$T$10="Heliopause",POWER(Upgrades!$U$10,I7),1)*IF(Upgrades!$T$12="Heliopause",POWER(Upgrades!$U$12,K7),1))+(IF(K7=0,0,(Upgrades!$G$12+K7*Upgrades!$H$12)*POWER(Upgrades!$I$12,K7)))*(IF(Upgrades!$T$6="First Photons",POWER(Upgrades!$U$6,E7),1)*IF(Upgrades!$T$7="First Photons",POWER(Upgrades!$U$7,F7),1)*IF(Upgrades!$T$8="First Photons",POWER(Upgrades!$U$8,G7),1)*IF(Upgrades!$T$9="First Photons",POWER(Upgrades!$U$9,H7),1)*IF(Upgrades!$T$10="First Photons",POWER(Upgrades!$U$10,I7),1)*IF(Upgrades!$T$11="First Photons",POWER(Upgrades!$U$11,J7),1)))*POWER(Upgrades!$P$6,E7)*POWER(Upgrades!$P$7,F7)*POWER(Upgrades!$P$8,G7)*POWER(Upgrades!$P$9,H7)*POWER(Upgrades!$P$10,I7)*POWER(Upgrades!$P$11,J7)*POWER(Upgrades!$P$12,K7) -> 0 | O7: =((IF(E7=0,0,(Upgrades!$M$6+E7*Upgrades!$N$6)*POWER(Upgrades!$O$6,E7)))*(IF(Upgrades!$T$7="Solar Wind",POWER(Upgrades!$U$7,F7),1)*IF(Upgrades!$T$8="Solar Wind",POWER(Upgrades!$U$8,G7),1)*IF(Upgrades!$T$9="Solar Wind",POWER(Upgrades!$U$9,H7),1)*IF(Upgrades!$T$10="Solar Wind",POWER(Upgrades!$U$10,I7),1)*IF(Upgrades!$T$11="Solar Wind",POWER(Upgrades!$U$11,J7),1)*IF(Upgrades!$T$12="Solar Wind",POWER(Upgrades!$U$12,K7),1))+(IF(F7=0,0,(Upgrades!$M$7+F7*Upgrades!$N$7)*POWER(Upgrades!$O$7,F7)))*(IF(Upgrades!$T$6="Asteroid Belt",POWER(Upgrades!$U$6,E7),1)*IF(Upgrades!$T$8="Asteroid Belt",POWER(Upgrades!$U$8,G7),1)*IF(Upgrades!$T$9="Asteroid Belt",POWER(Upgrades!$U$9,H7),1)*IF(Upgrades!$T$10="Asteroid Belt",POWER(Upgrades!$U$10,I7),1)*IF(Upgrades!$T$11="Asteroid Belt",POWER(Upgrades!$U$11,J7),1)*IF(Upgrades!$T$12="Asteroid Belt",POWER(Upgrades!$U$12,K7),1))+(IF(G7=0,0,(Upgrades!$M$8+G7*Upgrades!$N$8)*POWER(Upgrades!$O$8,G7)))*(IF(Upgrades!$T$6="Stellar Coupling",POWER(Upgrades!$U$6,E7),1)*IF(Upgrades!$T$7="Stellar Coupling",POWER(Upgrades!$U$7,F7),1)*IF(Upgrades!$T$9="Stellar Coupling",POWER(Upgrades!$U$9,H7),1)*IF(Upgrades!$T$10="Stellar Coupling",POWER(Upgrades!$U$10,I7),1)*IF(Upgrades!$T$11="Stellar Coupling",POWER(Upgrades!$U$11,J7),1)*IF(Upgrades!$T$12="Stellar Coupling",POWER(Upgrades!$U$12,K7),1))+(IF(H7=0,0,(Upgrades!$M$9+H7*Upgrades!$N$9)*POWER(Upgrades!$O$9,H7)))*(IF(Upgrades!$T$6="Magnetosphere",POWER(Upgrades!$U$6,E7),1)*IF(Upgrades!$T$7="Magnetosphere",POWER(Upgrades!$U$7,F7),1)*IF(Upgrades!$T$8="Magnetosphere",POWER(Upgrades!$U$8,G7),1)*IF(Upgrades!$T$10="Magnetosphere",POWER(Upgrades!$U$10,I7),1)*IF(Upgrades!$T$11="Magnetosphere",POWER(Upgrades!$U$11,J7),1)*IF(Upgrades!$T$12="Magnetosphere",POWER(Upgrades!$U$12,K7),1))+(IF(I7=0,0,(Upgrades!$M$10+I7*Upgrades!$N$10)*POWER(Upgrades!$O$10,I7)))*(IF(Upgrades!$T$6="Orbital Resonance",POWER(Upgrades!$U$6,E7),1)*IF(Upgrades!$T$7="Orbital Resonance",POWER(Upgrades!$U$7,F7),1)*IF(Upgrades!$T$8="Orbital Resonance",POWER(Upgrades!$U$8,G7),1)*IF(Upgrades!$T$9="Orbital Resonance",POWER(Upgrades!$U$9,H7),1)*IF(Upgrades!$T$11="Orbital Resonance",POWER(Upgrades!$U$11,J7),1)*IF(Upgrades!$T$12="Orbital Resonance",POWER(Upgrades!$U$12,K7),1))+(IF(J7=0,0,(Upgrades!$M$11+J7*Upgrades!$N$11)*POWER(Upgrades!$O$11,J7)))*(IF(Upgrades!$T$6="Heliopause",POWER(Upgrades!$U$6,E7),1)*IF(Upgrades!$T$7="Heliopause",POWER(Upgrades!$U$7,F7),1)*IF(Upgrades!$T$8="Heliopause",POWER(Upgrades!$U$8,G7),1)*IF(Upgrades!$T$9="Heliopause",POWER(Upgrades!$U$9,H7),1)*IF(Upgrades!$T$10="Heliopause",POWER(Upgrades!$U$10,I7),1)*IF(Upgrades!$T$12="Heliopause",POWER(Upgrades!$U$12,K7),1))+(IF(K7=0,0,(Upgrades!$M$12+K7*Upgrades!$N$12)*POWER(Upgrades!$O$12,K7)))*(IF(Upgrades!$T$6="First Photons",POWER(Upgrades!$U$6,E7),1)*IF(Upgrades!$T$7="First Photons",POWER(Upgrades!$U$7,F7),1)*IF(Upgrades!$T$8="First Photons",POWER(Upgrades!$U$8,G7),1)*IF(Upgrades!$T$9="First Photons",POWER(Upgrades!$U$9,H7),1)*IF(Upgrades!$T$10="First Photons",POWER(Upgrades!$U$10,I7),1)*IF(Upgrades!$T$11="First Photons",POWER(Upgrades!$U$11,J7),1)))*POWER(Upgrades!$R$6,E7)*POWER(Upgrades!$R$7,F7)*POWER(Upgrades!$R$8,G7)*POWER(Upgrades!$R$9,H7)*POWER(Upgrades!$R$10,I7)*POWER(Upgrades!$R$11,J7)*POWER(Upgrades!$R$12,K7) -> 0 | P7: =IF(L7=1,0,M7*Parameters!$B$10/60*Parameters!$B$11*10) -> 16.666667 | Q7: =IF(L7=1,0,O7*M7*10) -> 0 | R7: =IF(L7=1,0,N7*10) -> 0 | S7: =P7+Q7+R7 -> 16.666667 | T7: =C7+S7 -> 33.333333 | U7: =AX7 -> SC | V7: =IF(U7="",0,IF(U7="transition",0,IF(U7="SW",AG7,IF(U7="AB",AH7,IF(U7="SC",AI7,IF(U7="Mag",AJ7,IF(U7="OR",AK7,IF(U7="HP",AL7,IF(U7="FP",AM7,0))))))))) -> 22 | W7: =IF(U7="OR",Upgrades!$F$10,IF(U7="HP",Upgrades!$F$11,IF(U7="transition",-Parameters!$B$18,0))) -> 0 | X7: =T7-V7 -> 11.333333 | Y7: =M7*Parameters!$B$10/60*Parameters!$B$11+O7*M7+N7 -> 1.6666667 | Z7: =IF(U7="transition","→ Tier 2 (Stellar Neighborhood)",IF(U7="FP","First Photons — light begins, system quickens",IF(U7="HP","Heliopause acquired",IF(U7="OR","Orbital Resonance — passive multiplier active",IF(AND(AO7=1,L7=0,AN7<>1),"Cohesion ready (waiting on completionist upgrades)",""))))) | AA7: =(IF(E7=0,0,(Upgrades!$G$6+E7*Upgrades!$H$6)*POWER(Upgrades!$I$6,E7)))*(IF(Upgrades!$T$7="Solar Wind",POWER(Upgrades!$U$7,F7),1)*IF(Upgrades!$T$8="Solar Wind",POWER(Upgrades!$U$8,G7),1)*IF(Upgrades!$T$9="Solar Wind",POWER(Upgrades!$U$9,H7),1)*IF(Upgrades!$T$10="Solar Wind",POWER(Upgrades!$U$10,I7),1)*IF(Upgrades!$T$11="Solar Wind",POWER(Upgrades!$U$11,J7),1)*IF(Upgrades!$T$12="Solar Wind",POWER(Upgrades!$U$12,K7),1))*POWER(Upgrades!$P$6,E7)*POWER(Upgrades!$P$7,F7)*POWER(Upgrades!$P$8,G7)*POWER(Upgrades!$P$9,H7)*POWER(Upgrades!$P$10,I7)*POWER(Upgrades!$P$11,J7)*POWER(Upgrades!$P$12,K7)*60 -> 0 | AB7: =(IF(F7=0,0,(Upgrades!$G$7+F7*Upgrades!$H$7)*POWER(Upgrades!$I$7,F7)))*(IF(Upgrades!$T$6="Asteroid Belt",POWER(Upgrades!$U$6,E7),1)*IF(Upgrades!$T$8="Asteroid Belt",POWER(Upgrades!$U$8,G7),1)*IF(Upgrades!$T$9="Asteroid Belt",POWER(Upgrades!$U$9,H7),1)*IF(Upgrades!$T$10="Asteroid Belt",POWER(Upgrades!$U$10,I7),1)*IF(Upgrades!$T$11="Asteroid Belt",POWER(Upgrades!$U$11,J7),1)*IF(Upgrades!$T$12="Asteroid Belt",POWER(Upgrades!$U$12,K7),1))*POWER(Upgrades!$P$6,E7)*POWER(Upgrades!$P$7,F7)*POWER(Upgrades!$P$8,G7)*POWER(Upgrades!$P$9,H7)*POWER(Upgrades!$P$10,I7)*POWER(Upgrades!$P$11,J7)*POWER(Upgrades!$P$12,K7)*60 -> 0 | AC7: =(IF(G7=0,0,(Upgrades!$J$8+G7*Upgrades!$K$8)*POWER(Upgrades!$L$8,G7)))*(IF(Upgrades!$T$6="Stellar Coupling",POWER(Upgrades!$U$6,E7),1)*IF(Upgrades!$T$7="Stellar Coupling",POWER(Upgrades!$U$7,F7),1)*IF(Upgrades!$T$9="Stellar Coupling",POWER(Upgrades!$U$9,H7),1)*IF(Upgrades!$T$10="Stellar Coupling",POWER(Upgrades!$U$10,I7),1)*IF(Upgrades!$T$11="Stellar Coupling",POWER(Upgrades!$U$11,J7),1)*IF(Upgrades!$T$12="Stellar Coupling",POWER(Upgrades!$U$12,K7),1))*POWER(Upgrades!$Q$6,E7)*POWER(Upgrades!$Q$7,F7)*POWER(Upgrades!$Q$8,G7)*POWER(Upgrades!$Q$9,H7)*POWER(Upgrades!$Q$10,I7)*POWER(Upgrades!$Q$11,J7)*POWER(Upgrades!$Q$12,K7)*Parameters!$B$10*Parameters!$B$11 -> 0 | AD7: =(IF(H7=0,0,(Upgrades!$G$9+H7*Upgrades!$H$9)*POWER(Upgrades!$I$9,H7)))*(IF(Upgrades!$T$6="Magnetosphere",POWER(Upgrades!$U$6,E7),1)*IF(Upgrades!$T$7="Magnetosphere",POWER(Upgrades!$U$7,F7),1)*IF(Upgrades!$T$8="Magnetosphere",POWER(Upgrades!$U$8,G7),1)*IF(Upgrades!$T$10="Magnetosphere",POWER(Upgrades!$U$10,I7),1)*IF(Upgrades!$T$11="Magnetosphere",POWER(Upgrades!$U$11,J7),1)*IF(Upgrades!$T$12="Magnetosphere",POWER(Upgrades!$U$12,K7),1))*POWER(Upgrades!$P$6,E7)*POWER(Upgrades!$P$7,F7)*POWER(Upgrades!$P$8,G7)*POWER(Upgrades!$P$9,H7)*POWER(Upgrades!$P$10,I7)*POWER(Upgrades!$P$11,J7)*POWER(Upgrades!$P$12,K7)*60 -> 0 | AE7: =(IF(K7=0,0,(Upgrades!$G$12+K7*Upgrades!$H$12)*POWER(Upgrades!$I$12,K7)))*(IF(Upgrades!$T$6="First Photons",POWER(Upgrades!$U$6,E7),1)*IF(Upgrades!$T$7="First Photons",POWER(Upgrades!$U$7,F7),1)*IF(Upgrades!$T$8="First Photons",POWER(Upgrades!$U$8,G7),1)*IF(Upgrades!$T$9="First Photons",POWER(Upgrades!$U$9,H7),1)*IF(Upgrades!$T$10="First Photons",POWER(Upgrades!$U$10,I7),1)*IF(Upgrades!$T$11="First Photons",POWER(Upgrades!$U$11,J7),1))*POWER(Upgrades!$P$6,E7)*POWER(Upgrades!$P$7,F7)*POWER(Upgrades!$P$8,G7)*POWER(Upgrades!$P$9,H7)*POWER(Upgrades!$P$10,I7)*POWER(Upgrades!$P$11,J7)*POWER(Upgrades!$P$12,K7)*60 -> 0 | AF7: =Parameters!$B$9*POWER(Upgrades!$Q$6,E7)*POWER(Upgrades!$Q$7,F7)*POWER(Upgrades!$Q$8,G7)*POWER(Upgrades!$Q$9,H7)*POWER(Upgrades!$Q$10,I7)*POWER(Upgrades!$Q$11,J7)*POWER(Upgrades!$Q$12,K7)*(Parameters!$B$10*Parameters!$B$11+O7*60) -> 100 | AG7: =IF(E7>=Upgrades!$E$6,"",Upgrades!$C$6*POWER(Upgrades!$D$6,E7)) -> 7 | AH7: =IF(F7>=Upgrades!$E$7,"",Upgrades!$C$7*POWER(Upgrades!$D$7,F7)) -> 20 | AI7: =IF(G7>=Upgrades!$E$8,"",Upgrades!$C$8*POWER(Upgrades!$D$8,G7)) -> 22 | AJ7: =IF(H7>=Upgrades!$E$9,"",Upgrades!$C$9*POWER(Upgrades!$D$9,H7)) -> 80 | AK7: =IF(I7>=Upgrades!$E$10,"",Upgrades!$C$10*POWER(Upgrades!$D$10,I7)) -> 240 | AL7: =IF(J7>=Upgrades!$E$11,"",Upgrades!$C$11*POWER(Upgrades!$D$11,J7)) -> 575 | AM7: =IF(K7>=Upgrades!$E$12,"",Upgrades!$C$12*POWER(Upgrades!$D$12,K7)) -> 850 | AN7: =IF(AND(D7>=Parameters!$B$18,(H7>=Upgrades!$E$9)*(K7>=Upgrades!$E$12)=1,L7=0),1,"") | AO7: =IF(AND(D7>=Parameters!$B$18,L7=0),1,"") | AP7: =MIN(IF(ISNUMBER(AK7),AK7,9000000000000000),IF(ISNUMBER(AL7),AL7,9000000000000000),IF(ISNUMBER(AM7),AM7,9000000000000000)) -> 240 | AQ7: =MIN(IF(ISNUMBER(AG7),AG7,9000000000000000),IF(ISNUMBER(AH7),AH7,9000000000000000),IF(ISNUMBER(AI7),AI7,9000000000000000),IF(ISNUMBER(AJ7),AJ7,9000000000000000)) -> 7 | AR7: =IF(AW7>Parameters!$B$21*(MAX(IF(AND(NOT(AND(AO7=1,AN7<>1)),ISNUMBER(AG7),AG7<=T7),AS7,0),IF(AND(NOT(AND(AO7=1,AN7<>1)),ISNUMBER(AH7),AH7<=T7),AT7,0),IF(AND(NOT(AND(AO7=1,AN7<>1)),ISNUMBER(AI7),AI7<=T7),AU7,0),IF(AND(ISNUMBER(AJ7),AJ7<=T7),AV7,0))),TRUE(),FALSE()) -> FALSE | AS7: =IFERROR(Upgrades!$H$6*(POWER(Upgrades!$P$6,E7)*POWER(Upgrades!$P$7,F7)*POWER(Upgrades!$P$8,G7)*POWER(Upgrades!$P$9,H7)*POWER(Upgrades!$P$10,I7)*POWER(Upgrades!$P$11,J7)*POWER(Upgrades!$P$12,K7))*(IF(Upgrades!$T$7="Solar Wind",POWER(Upgrades!$U$7,F7),1)*IF(Upgrades!$T$8="Solar Wind",POWER(Upgrades!$U$8,G7),1)*IF(Upgrades!$T$9="Solar Wind",POWER(Upgrades!$U$9,H7),1)*IF(Upgrades!$T$10="Solar Wind",POWER(Upgrades!$U$10,I7),1)*IF(Upgrades!$T$11="Solar Wind",POWER(Upgrades!$U$11,J7),1)*IF(Upgrades!$T$12="Solar Wind",POWER(Upgrades!$U$12,K7),1))/AG7,0) -> 0.011428571 | AT7: =IFERROR(Upgrades!$H$7*(POWER(Upgrades!$P$6,E7)*POWER(Upgrades!$P$7,F7)*POWER(Upgrades!$P$8,G7)*POWER(Upgrades!$P$9,H7)*POWER(Upgrades!$P$10,I7)*POWER(Upgrades!$P$11,J7)*POWER(Upgrades!$P$12,K7))*(IF(Upgrades!$T$6="Asteroid Belt",POWER(Upgrades!$U$6,E7),1)*IF(Upgrades!$T$8="Asteroid Belt",POWER(Upgrades!$U$8,G7),1)*IF(Upgrades!$T$9="Asteroid Belt",POWER(Upgrades!$U$9,H7),1)*IF(Upgrades!$T$10="Asteroid Belt",POWER(Upgrades!$U$10,I7),1)*IF(Upgrades!$T$11="Asteroid Belt",POWER(Upgrades!$U$11,J7),1)*IF(Upgrades!$T$12="Asteroid Belt",POWER(Upgrades!$U$12,K7),1))/AH7,0) -> 0.01 | AU7: =IFERROR(Upgrades!$K$8*(POWER(Upgrades!$Q$6,E7)*POWER(Upgrades!$Q$7,F7)*POWER(Upgrades!$Q$8,G7)*POWER(Upgrades!$Q$9,H7)*POWER(Upgrades!$Q$10,I7)*POWER(Upgrades!$Q$11,J7)*POWER(Upgrades!$Q$12,K7))*(IF(Upgrades!$T$6="Stellar Coupling",POWER(Upgrades!$U$6,E7),1)*IF(Upgrades!$T$7="Stellar Coupling",POWER(Upgrades!$U$7,F7),1)*IF(Upgrades!$T$9="Stellar Coupling",POWER(Upgrades!$U$9,H7),1)*IF(Upgrades!$T$10="Stellar Coupling",POWER(Upgrades!$U$10,I7),1)*IF(Upgrades!$T$11="Stellar Coupling",POWER(Upgrades!$U$11,J7),1)*IF(Upgrades!$T$12="Stellar Coupling",POWER(Upgrades!$U$12,K7),1))*Parameters!$B$10*Parameters!$B$11/60/AI7,0) -> 0.026515152 | AV7: =IFERROR(Upgrades!$H$9*(POWER(Upgrades!$P$6,E7)*POWER(Upgrades!$P$7,F7)*POWER(Upgrades!$P$8,G7)*POWER(Upgrades!$P$9,H7)*POWER(Upgrades!$P$10,I7)*POWER(Upgrades!$P$11,J7)*POWER(Upgrades!$P$12,K7))*(IF(Upgrades!$T$6="Magnetosphere",POWER(Upgrades!$U$6,E7),1)*IF(Upgrades!$T$7="Magnetosphere",POWER(Upgrades!$U$7,F7),1)*IF(Upgrades!$T$8="Magnetosphere",POWER(Upgrades!$U$8,G7),1)*IF(Upgrades!$T$10="Magnetosphere",POWER(Upgrades!$U$10,I7),1)*IF(Upgrades!$T$11="Magnetosphere",POWER(Upgrades!$U$11,J7),1)*IF(Upgrades!$T$12="Magnetosphere",POWER(Upgrades!$U$12,K7),1))/AJ7,0) -> 0.0125 | AW7: =MAX(IF(I7>0,0,IFERROR(0.25*N7/Upgrades!$C$10,0)),IF(J7>0,0,IFERROR(0.5*((IF(G7=0,0,(Upgrades!$J$8+G7*Upgrades!$K$8)*POWER(Upgrades!$L$8,G7)))*(IF(Upgrades!$T$6="Stellar Coupling",POWER(Upgrades!$U$6,E7),1)*IF(Upgrades!$T$7="Stellar Coupling",POWER(Upgrades!$U$7,F7),1)*IF(Upgrades!$T$9="Stellar Coupling",POWER(Upgrades!$U$9,H7),1)*IF(Upgrades!$T$10="Stellar Coupling",POWER(Upgrades!$U$10,I7),1)*IF(Upgrades!$T$11="Stellar Coupling",POWER(Upgrades!$U$11,J7),1)*IF(Upgrades!$T$12="Stellar Coupling",POWER(Upgrades!$U$12,K7),1))*(POWER(Upgrades!$Q$6,E7)*POWER(Upgrades!$Q$7,F7)*POWER(Upgrades!$Q$8,G7)*POWER(Upgrades!$Q$9,H7)*POWER(Upgrades!$Q$10,I7)*POWER(Upgrades!$Q$11,J7)*POWER(Upgrades!$Q$12,K7))*Parameters!$B$10*Parameters!$B$11/60)/Upgrades!$C$11,0)),IF(K7>0,0,IFERROR((1*(POWER(Upgrades!$P$6,E7)*POWER(Upgrades!$P$7,F7)*POWER(Upgrades!$P$8,G7)*POWER(Upgrades!$P$9,H7)*POWER(Upgrades!$P$10,I7)*POWER(Upgrades!$P$11,J7)*POWER(Upgrades!$P$12,K7))+0.2*M7*Parameters!$B$10*Parameters!$B$11/60)/Upgrades!$C$12,0)),IF(AND(ISNUMBER(AG7),AG7>T7),AS7,0),IF(AND(ISNUMBER(AH7),AH7>T7),AT7,0),IF(AND(ISNUMBER(AI7),AI7>T7),AU7,0),IF(AND(ISNUMBER(AJ7),AJ7>T7),AV7,0)) -> 0.0125 | AX7: =IF(AN7=1,"transition",IF(MIN(IF(AND(I7=0,ISNUMBER(AK7),AK7<=T7),AK7,9000000000000000),IF(AND(J7=0,ISNUMBER(AL7),AL7<=T7),AL7,9000000000000000),IF(AND(K7=0,ISNUMBER(AM7),AM7<=T7),AM7,9000000000000000))<9000000000000000,IF(AND(AND(I7=0,ISNUMBER(AK7),AK7<=T7),AK7=MIN(IF(AND(I7=0,ISNUMBER(AK7),AK7<=T7),AK7,9000000000000000),IF(AND(J7=0,ISNUMBER(AL7),AL7<=T7),AL7,9000000000000000),IF(AND(K7=0,ISNUMBER(AM7),AM7<=T7),AM7,9000000000000000))),"OR",IF(AND(AND(J7=0,ISNUMBER(AL7),AL7<=T7),AL7=MIN(IF(AND(I7=0,ISNUMBER(AK7),AK7<=T7),AK7,9000000000000000),IF(AND(J7=0,ISNUMBER(AL7),AL7<=T7),AL7,9000000000000000),IF(AND(K7=0,ISNUMBER(AM7),AM7<=T7),AM7,9000000000000000))),"HP","FP")),IF(AR7=TRUE(),"",IF(MAX(IF(AND(NOT(AND(AO7=1,AN7<>1)),ISNUMBER(AG7),AG7<=T7),AS7,0),IF(AND(NOT(AND(AO7=1,AN7<>1)),ISNUMBER(AH7),AH7<=T7),AT7,0),IF(AND(NOT(AND(AO7=1,AN7<>1)),ISNUMBER(AI7),AI7<=T7),AU7,0),IF(AND(ISNUMBER(AJ7),AJ7<=T7),AV7,0))<=0,"",IF(AND(IF(AND(NOT(AND(AO7=1,AN7<>1)),ISNUMBER(AG7),AG7<=T7),AS7,0)>0,IF(AND(NOT(AND(AO7=1,AN7<>1)),ISNUMBER(AG7),AG7<=T7),AS7,0)=MAX(IF(AND(NOT(AND(AO7=1,AN7<>1)),ISNUMBER(AG7),AG7<=T7),AS7,0),IF(AND(NOT(AND(AO7=1,AN7<>1)),ISNUMBER(AH7),AH7<=T7),AT7,0),IF(AND(NOT(AND(AO7=1,AN7<>1)),ISNUMBER(AI7),AI7<=T7),AU7,0),IF(AND(ISNUMBER(AJ7),AJ7<=T7),AV7,0))),"SW",IF(AND(IF(AND(NOT(AND(AO7=1,AN7<>1)),ISNUMBER(AH7),AH7<=T7),AT7,0)>0,IF(AND(NOT(AND(AO7=1,AN7<>1)),ISNUMBER(AH7),AH7<=T7),AT7,0)=MAX(IF(AND(NOT(AND(AO7=1,AN7<>1)),ISNUMBER(AG7),AG7<=T7),AS7,0),IF(AND(NOT(AND(AO7=1,AN7<>1)),ISNUMBER(AH7),AH7<=T7),AT7,0),IF(AND(NOT(AND(AO7=1,AN7<>1)),ISNUMBER(AI7),AI7<=T7),AU7,0),IF(AND(ISNUMBER(AJ7),AJ7<=T7),AV7,0))),"AB",IF(AND(IF(AND(NOT(AND(AO7=1,AN7<>1)),ISNUMBER(AI7),AI7<=T7),AU7,0)>0,IF(AND(NOT(AND(AO7=1,AN7<>1)),ISNUMBER(AI7),AI7<=T7),AU7,0)=MAX(IF(AND(NOT(AND(AO7=1,AN7<>1)),ISNUMBER(AG7),AG7<=T7),AS7,0),IF(AND(NOT(AND(AO7=1,AN7<>1)),ISNUMBER(AH7),AH7<=T7),AT7,0),IF(AND(NOT(AND(AO7=1,AN7<>1)),ISNUMBER(AI7),AI7<=T7),AU7,0),IF(AND(ISNUMBER(AJ7),AJ7<=T7),AV7,0))),"SC","Mag"))))))) -> SC
A8: 3 | B8: =A8*10/60 -> 0.5 | C8: =X7 -> 11.333333 | D8: =D7+W7 -> 0 | E8: =E7+IF(U7="SW",1,0) -> 0 | F8: =F7+IF(U7="AB",1,0) -> 0 | G8: =G7+IF(U7="SC",1,0) -> 1 | H8: =H7+IF(U7="Mag",1,0) -> 0 | I8: =MAX(I7,IF(U7="OR",1,0)) -> 0 | J8: =MAX(J7,IF(U7="HP",1,0)) -> 0 | K8: =MAX(K7,IF(U7="FP",1,0)) -> 0 | L8: =MAX(L7,IF(U7="transition",1,0)) -> 0 | M8: =(Parameters!$B$9+(IF(E8=0,0,(Upgrades!$J$6+E8*Upgrades!$K$6)*POWER(Upgrades!$L$6,E8)))*(IF(Upgrades!$T$7="Solar Wind",POWER(Upgrades!$U$7,F8),1)*IF(Upgrades!$T$8="Solar Wind",POWER(Upgrades!$U$8,G8),1)*IF(Upgrades!$T$9="Solar Wind",POWER(Upgrades!$U$9,H8),1)*IF(Upgrades!$T$10="Solar Wind",POWER(Upgrades!$U$10,I8),1)*IF(Upgrades!$T$11="Solar Wind",POWER(Upgrades!$U$11,J8),1)*IF(Upgrades!$T$12="Solar Wind",POWER(Upgrades!$U$12,K8),1))+(IF(F8=0,0,(Upgrades!$J$7+F8*Upgrades!$K$7)*POWER(Upgrades!$L$7,F8)))*(IF(Upgrades!$T$6="Asteroid Belt",POWER(Upgrades!$U$6,E8),1)*IF(Upgrades!$T$8="Asteroid Belt",POWER(Upgrades!$U$8,G8),1)*IF(Upgrades!$T$9="Asteroid Belt",POWER(Upgrades!$U$9,H8),1)*IF(Upgrades!$T$10="Asteroid Belt",POWER(Upgrades!$U$10,I8),1)*IF(Upgrades!$T$11="Asteroid Belt",POWER(Upgrades!$U$11,J8),1)*IF(Upgrades!$T$12="Asteroid Belt",POWER(Upgrades!$U$12,K8),1))+(IF(G8=0,0,(Upgrades!$J$8+G8*Upgrades!$K$8)*POWER(Upgrades!$L$8,G8)))*(IF(Upgrades!$T$6="Stellar Coupling",POWER(Upgrades!$U$6,E8),1)*IF(Upgrades!$T$7="Stellar Coupling",POWER(Upgrades!$U$7,F8),1)*IF(Upgrades!$T$9="Stellar Coupling",POWER(Upgrades!$U$9,H8),1)*IF(Upgrades!$T$10="Stellar Coupling",POWER(Upgrades!$U$10,I8),1)*IF(Upgrades!$T$11="Stellar Coupling",POWER(Upgrades!$U$11,J8),1)*IF(Upgrades!$T$12="Stellar Coupling",POWER(Upgrades!$U$12,K8),1))+(IF(H8=0,0,(Upgrades!$J$9+H8*Upgrades!$K$9)*POWER(Upgrades!$L$9,H8)))*(IF(Upgrades!$T$6="Magnetosphere",POWER(Upgrades!$U$6,E8),1)*IF(Upgrades!$T$7="Magnetosphere",POWER(Upgrades!$U$7,F8),1)*IF(Upgrades!$T$8="Magnetosphere",POWER(Upgrades!$U$8,G8),1)*IF(Upgrades!$T$10="Magnetosphere",POWER(Upgrades!$U$10,I8),1)*IF(Upgrades!$T$11="Magnetosphere",POWER(Upgrades!$U$11,J8),1)*IF(Upgrades!$T$12="Magnetosphere",POWER(Upgrades!$U$12,K8),1))+(IF(I8=0,0,(Upgrades!$J$10+I8*Upgrades!$K$10)*POWER(Upgrades!$L$10,I8)))*(IF(Upgrades!$T$6="Orbital Resonance",POWER(Upgrades!$U$6,E8),1)*IF(Upgrades!$T$7="Orbital Resonance",POWER(Upgrades!$U$7,F8),1)*IF(Upgrades!$T$8="Orbital Resonance",POWER(Upgrades!$U$8,G8),1)*IF(Upgrades!$T$9="Orbital Resonance",POWER(Upgrades!$U$9,H8),1)*IF(Upgrades!$T$11="Orbital Resonance",POWER(Upgrades!$U$11,J8),1)*IF(Upgrades!$T$12="Orbital Resonance",POWER(Upgrades!$U$12,K8),1))+(IF(J8=0,0,(Upgrades!$J$11+J8*Upgrades!$K$11)*POWER(Upgrades!$L$11,J8)))*(IF(Upgrades!$T$6="Heliopause",POWER(Upgrades!$U$6,E8),1)*IF(Upgrades!$T$7="Heliopause",POWER(Upgrades!$U$7,F8),1)*IF(Upgrades!$T$8="Heliopause",POWER(Upgrades!$U$8,G8),1)*IF(Upgrades!$T$9="Heliopause",POWER(Upgrades!$U$9,H8),1)*IF(Upgrades!$T$10="Heliopause",POWER(Upgrades!$U$10,I8),1)*IF(Upgrades!$T$12="Heliopause",POWER(Upgrades!$U$12,K8),1))+(IF(K8=0,0,(Upgrades!$J$12+K8*Upgrades!$K$12)*POWER(Upgrades!$L$12,K8)))*(IF(Upgrades!$T$6="First Photons",POWER(Upgrades!$U$6,E8),1)*IF(Upgrades!$T$7="First Photons",POWER(Upgrades!$U$7,F8),1)*IF(Upgrades!$T$8="First Photons",POWER(Upgrades!$U$8,G8),1)*IF(Upgrades!$T$9="First Photons",POWER(Upgrades!$U$9,H8),1)*IF(Upgrades!$T$10="First Photons",POWER(Upgrades!$U$10,I8),1)*IF(Upgrades!$T$11="First Photons",POWER(Upgrades!$U$11,J8),1)))*POWER(Upgrades!$Q$6,E8)*POWER(Upgrades!$Q$7,F8)*POWER(Upgrades!$Q$8,G8)*POWER(Upgrades!$Q$9,H8)*POWER(Upgrades!$Q$10,I8)*POWER(Upgrades!$Q$11,J8)*POWER(Upgrades!$Q$12,K8) -> 1.35 | N8: =((IF(E8=0,0,(Upgrades!$G$6+E8*Upgrades!$H$6)*POWER(Upgrades!$I$6,E8)))*(IF(Upgrades!$T$7="Solar Wind",POWER(Upgrades!$U$7,F8),1)*IF(Upgrades!$T$8="Solar Wind",POWER(Upgrades!$U$8,G8),1)*IF(Upgrades!$T$9="Solar Wind",POWER(Upgrades!$U$9,H8),1)*IF(Upgrades!$T$10="Solar Wind",POWER(Upgrades!$U$10,I8),1)*IF(Upgrades!$T$11="Solar Wind",POWER(Upgrades!$U$11,J8),1)*IF(Upgrades!$T$12="Solar Wind",POWER(Upgrades!$U$12,K8),1))+(IF(F8=0,0,(Upgrades!$G$7+F8*Upgrades!$H$7)*POWER(Upgrades!$I$7,F8)))*(IF(Upgrades!$T$6="Asteroid Belt",POWER(Upgrades!$U$6,E8),1)*IF(Upgrades!$T$8="Asteroid Belt",POWER(Upgrades!$U$8,G8),1)*IF(Upgrades!$T$9="Asteroid Belt",POWER(Upgrades!$U$9,H8),1)*IF(Upgrades!$T$10="Asteroid Belt",POWER(Upgrades!$U$10,I8),1)*IF(Upgrades!$T$11="Asteroid Belt",POWER(Upgrades!$U$11,J8),1)*IF(Upgrades!$T$12="Asteroid Belt",POWER(Upgrades!$U$12,K8),1))+(IF(G8=0,0,(Upgrades!$G$8+G8*Upgrades!$H$8)*POWER(Upgrades!$I$8,G8)))*(IF(Upgrades!$T$6="Stellar Coupling",POWER(Upgrades!$U$6,E8),1)*IF(Upgrades!$T$7="Stellar Coupling",POWER(Upgrades!$U$7,F8),1)*IF(Upgrades!$T$9="Stellar Coupling",POWER(Upgrades!$U$9,H8),1)*IF(Upgrades!$T$10="Stellar Coupling",POWER(Upgrades!$U$10,I8),1)*IF(Upgrades!$T$11="Stellar Coupling",POWER(Upgrades!$U$11,J8),1)*IF(Upgrades!$T$12="Stellar Coupling",POWER(Upgrades!$U$12,K8),1))+(IF(H8=0,0,(Upgrades!$G$9+H8*Upgrades!$H$9)*POWER(Upgrades!$I$9,H8)))*(IF(Upgrades!$T$6="Magnetosphere",POWER(Upgrades!$U$6,E8),1)*IF(Upgrades!$T$7="Magnetosphere",POWER(Upgrades!$U$7,F8),1)*IF(Upgrades!$T$8="Magnetosphere",POWER(Upgrades!$U$8,G8),1)*IF(Upgrades!$T$10="Magnetosphere",POWER(Upgrades!$U$10,I8),1)*IF(Upgrades!$T$11="Magnetosphere",POWER(Upgrades!$U$11,J8),1)*IF(Upgrades!$T$12="Magnetosphere",POWER(Upgrades!$U$12,K8),1))+(IF(I8=0,0,(Upgrades!$G$10+I8*Upgrades!$H$10)*POWER(Upgrades!$I$10,I8)))*(IF(Upgrades!$T$6="Orbital Resonance",POWER(Upgrades!$U$6,E8),1)*IF(Upgrades!$T$7="Orbital Resonance",POWER(Upgrades!$U$7,F8),1)*IF(Upgrades!$T$8="Orbital Resonance",POWER(Upgrades!$U$8,G8),1)*IF(Upgrades!$T$9="Orbital Resonance",POWER(Upgrades!$U$9,H8),1)*IF(Upgrades!$T$11="Orbital Resonance",POWER(Upgrades!$U$11,J8),1)*IF(Upgrades!$T$12="Orbital Resonance",POWER(Upgrades!$U$12,K8),1))+(IF(J8=0,0,(Upgrades!$G$11+J8*Upgrades!$H$11)*POWER(Upgrades!$I$11,J8)))*(IF(Upgrades!$T$6="Heliopause",POWER(Upgrades!$U$6,E8),1)*IF(Upgrades!$T$7="Heliopause",POWER(Upgrades!$U$7,F8),1)*IF(Upgrades!$T$8="Heliopause",POWER(Upgrades!$U$8,G8),1)*IF(Upgrades!$T$9="Heliopause",POWER(Upgrades!$U$9,H8),1)*IF(Upgrades!$T$10="Heliopause",POWER(Upgrades!$U$10,I8),1)*IF(Upgrades!$T$12="Heliopause",POWER(Upgrades!$U$12,K8),1))+(IF(K8=0,0,(Upgrades!$G$12+K8*Upgrades!$H$12)*POWER(Upgrades!$I$12,K8)))*(IF(Upgrades!$T$6="First Photons",POWER(Upgrades!$U$6,E8),1)*IF(Upgrades!$T$7="First Photons",POWER(Upgrades!$U$7,F8),1)*IF(Upgrades!$T$8="First Photons",POWER(Upgrades!$U$8,G8),1)*IF(Upgrades!$T$9="First Photons",POWER(Upgrades!$U$9,H8),1)*IF(Upgrades!$T$10="First Photons",POWER(Upgrades!$U$10,I8),1)*IF(Upgrades!$T$11="First Photons",POWER(Upgrades!$U$11,J8),1)))*POWER(Upgrades!$P$6,E8)*POWER(Upgrades!$P$7,F8)*POWER(Upgrades!$P$8,G8)*POWER(Upgrades!$P$9,H8)*POWER(Upgrades!$P$10,I8)*POWER(Upgrades!$P$11,J8)*POWER(Upgrades!$P$12,K8) -> 0 | O8: =((IF(E8=0,0,(Upgrades!$M$6+E8*Upgrades!$N$6)*POWER(Upgrades!$O$6,E8)))*(IF(Upgrades!$T$7="Solar Wind",POWER(Upgrades!$U$7,F8),1)*IF(Upgrades!$T$8="Solar Wind",POWER(Upgrades!$U$8,G8),1)*IF(Upgrades!$T$9="Solar Wind",POWER(Upgrades!$U$9,H8),1)*IF(Upgrades!$T$10="Solar Wind",POWER(Upgrades!$U$10,I8),1)*IF(Upgrades!$T$11="Solar Wind",POWER(Upgrades!$U$11,J8),1)*IF(Upgrades!$T$12="Solar Wind",POWER(Upgrades!$U$12,K8),1))+(IF(F8=0,0,(Upgrades!$M$7+F8*Upgrades!$N$7)*POWER(Upgrades!$O$7,F8)))*(IF(Upgrades!$T$6="Asteroid Belt",POWER(Upgrades!$U$6,E8),1)*IF(Upgrades!$T$8="Asteroid Belt",POWER(Upgrades!$U$8,G8),1)*IF(Upgrades!$T$9="Asteroid Belt",POWER(Upgrades!$U$9,H8),1)*IF(Upgrades!$T$10="Asteroid Belt",POWER(Upgrades!$U$10,I8),1)*IF(Upgrades!$T$11="Asteroid Belt",POWER(Upgrades!$U$11,J8),1)*IF(Upgrades!$T$12="Asteroid Belt",POWER(Upgrades!$U$12,K8),1))+(IF(G8=0,0,(Upgrades!$M$8+G8*Upgrades!$N$8)*POWER(Upgrades!$O$8,G8)))*(IF(Upgrades!$T$6="Stellar Coupling",POWER(Upgrades!$U$6,E8),1)*IF(Upgrades!$T$7="Stellar Coupling",POWER(Upgrades!$U$7,F8),1)*IF(Upgrades!$T$9="Stellar Coupling",POWER(Upgrades!$U$9,H8),1)*IF(Upgrades!$T$10="Stellar Coupling",POWER(Upgrades!$U$10,I8),1)*IF(Upgrades!$T$11="Stellar Coupling",POWER(Upgrades!$U$11,J8),1)*IF(Upgrades!$T$12="Stellar Coupling",POWER(Upgrades!$U$12,K8),1))+(IF(H8=0,0,(Upgrades!$M$9+H8*Upgrades!$N$9)*POWER(Upgrades!$O$9,H8)))*(IF(Upgrades!$T$6="Magnetosphere",POWER(Upgrades!$U$6,E8),1)*IF(Upgrades!$T$7="Magnetosphere",POWER(Upgrades!$U$7,F8),1)*IF(Upgrades!$T$8="Magnetosphere",POWER(Upgrades!$U$8,G8),1)*IF(Upgrades!$T$10="Magnetosphere",POWER(Upgrades!$U$10,I8),1)*IF(Upgrades!$T$11="Magnetosphere",POWER(Upgrades!$U$11,J8),1)*IF(Upgrades!$T$12="Magnetosphere",POWER(Upgrades!$U$12,K8),1))+(IF(I8=0,0,(Upgrades!$M$10+I8*Upgrades!$N$10)*POWER(Upgrades!$O$10,I8)))*(IF(Upgrades!$T$6="Orbital Resonance",POWER(Upgrades!$U$6,E8),1)*IF(Upgrades!$T$7="Orbital Resonance",POWER(Upgrades!$U$7,F8),1)*IF(Upgrades!$T$8="Orbital Resonance",POWER(Upgrades!$U$8,G8),1)*IF(Upgrades!$T$9="Orbital Resonance",POWER(Upgrades!$U$9,H8),1)*IF(Upgrades!$T$11="Orbital Resonance",POWER(Upgrades!$U$11,J8),1)*IF(Upgrades!$T$12="Orbital Resonance",POWER(Upgrades!$U$12,K8),1))+(IF(J8=0,0,(Upgrades!$M$11+J8*Upgrades!$N$11)*POWER(Upgrades!$O$11,J8)))*(IF(Upgrades!$T$6="Heliopause",POWER(Upgrades!$U$6,E8),1)*IF(Upgrades!$T$7="Heliopause",POWER(Upgrades!$U$7,F8),1)*IF(Upgrades!$T$8="Heliopause",POWER(Upgrades!$U$8,G8),1)*IF(Upgrades!$T$9="Heliopause",POWER(Upgrades!$U$9,H8),1)*IF(Upgrades!$T$10="Heliopause",POWER(Upgrades!$U$10,I8),1)*IF(Upgrades!$T$12="Heliopause",POWER(Upgrades!$U$12,K8),1))+(IF(K8=0,0,(Upgrades!$M$12+K8*Upgrades!$N$12)*POWER(Upgrades!$O$12,K8)))*(IF(Upgrades!$T$6="First Photons",POWER(Upgrades!$U$6,E8),1)*IF(Upgrades!$T$7="First Photons",POWER(Upgrades!$U$7,F8),1)*IF(Upgrades!$T$8="First Photons",POWER(Upgrades!$U$8,G8),1)*IF(Upgrades!$T$9="First Photons",POWER(Upgrades!$U$9,H8),1)*IF(Upgrades!$T$10="First Photons",POWER(Upgrades!$U$10,I8),1)*IF(Upgrades!$T$11="First Photons",POWER(Upgrades!$U$11,J8),1)))*POWER(Upgrades!$R$6,E8)*POWER(Upgrades!$R$7,F8)*POWER(Upgrades!$R$8,G8)*POWER(Upgrades!$R$9,H8)*POWER(Upgrades!$R$10,I8)*POWER(Upgrades!$R$11,J8)*POWER(Upgrades!$R$12,K8) -> 0 | P8: =IF(L8=1,0,M8*Parameters!$B$10/60*Parameters!$B$11*10) -> 22.5 | Q8: =IF(L8=1,0,O8*M8*10) -> 0 | R8: =IF(L8=1,0,N8*10) -> 0 | S8: =P8+Q8+R8 -> 22.5 | T8: =C8+S8 -> 33.833333 | U8: =AX8 -> SC | V8: =IF(U8="",0,IF(U8="transition",0,IF(U8="SW",AG8,IF(U8="AB",AH8,IF(U8="SC",AI8,IF(U8="Mag",AJ8,IF(U8="OR",AK8,IF(U8="HP",AL8,IF(U8="FP",AM8,0))))))))) -> 30.8 | W8: =IF(U8="OR",Upgrades!$F$10,IF(U8="HP",Upgrades!$F$11,IF(U8="transition",-Parameters!$B$18,0))) -> 0 | X8: =T8-V8 -> 3.0333333 | Y8: =M8*Parameters!$B$10/60*Parameters!$B$11+O8*M8+N8 -> 2.25 | Z8: =IF(U8="transition","→ Tier 2 (Stellar Neighborhood)",IF(U8="FP","First Photons — light begins, system quickens",IF(U8="HP","Heliopause acquired",IF(U8="OR","Orbital Resonance — passive multiplier active",IF(AND(AO8=1,L8=0,AN8<>1),"Cohesion ready (waiting on completionist upgrades)",""))))) | AA8: =(IF(E8=0,0,(Upgrades!$G$6+E8*Upgrades!$H$6)*POWER(Upgrades!$I$6,E8)))*(IF(Upgrades!$T$7="Solar Wind",POWER(Upgrades!$U$7,F8),1)*IF(Upgrades!$T$8="Solar Wind",POWER(Upgrades!$U$8,G8),1)*IF(Upgrades!$T$9="Solar Wind",POWER(Upgrades!$U$9,H8),1)*IF(Upgrades!$T$10="Solar Wind",POWER(Upgrades!$U$10,I8),1)*IF(Upgrades!$T$11="Solar Wind",POWER(Upgrades!$U$11,J8),1)*IF(Upgrades!$T$12="Solar Wind",POWER(Upgrades!$U$12,K8),1))*POWER(Upgrades!$P$6,E8)*POWER(Upgrades!$P$7,F8)*POWER(Upgrades!$P$8,G8)*POWER(Upgrades!$P$9,H8)*POWER(Upgrades!$P$10,I8)*POWER(Upgrades!$P$11,J8)*POWER(Upgrades!$P$12,K8)*60 -> 0 | AB8: =(IF(F8=0,0,(Upgrades!$G$7+F8*Upgrades!$H$7)*POWER(Upgrades!$I$7,F8)))*(IF(Upgrades!$T$6="Asteroid Belt",POWER(Upgrades!$U$6,E8),1)*IF(Upgrades!$T$8="Asteroid Belt",POWER(Upgrades!$U$8,G8),1)*IF(Upgrades!$T$9="Asteroid Belt",POWER(Upgrades!$U$9,H8),1)*IF(Upgrades!$T$10="Asteroid Belt",POWER(Upgrades!$U$10,I8),1)*IF(Upgrades!$T$11="Asteroid Belt",POWER(Upgrades!$U$11,J8),1)*IF(Upgrades!$T$12="Asteroid Belt",POWER(Upgrades!$U$12,K8),1))*POWER(Upgrades!$P$6,E8)*POWER(Upgrades!$P$7,F8)*POWER(Upgrades!$P$8,G8)*POWER(Upgrades!$P$9,H8)*POWER(Upgrades!$P$10,I8)*POWER(Upgrades!$P$11,J8)*POWER(Upgrades!$P$12,K8)*60 -> 0 | AC8: =(IF(G8=0,0,(Upgrades!$J$8+G8*Upgrades!$K$8)*POWER(Upgrades!$L$8,G8)))*(IF(Upgrades!$T$6="Stellar Coupling",POWER(Upgrades!$U$6,E8),1)*IF(Upgrades!$T$7="Stellar Coupling",POWER(Upgrades!$U$7,F8),1)*IF(Upgrades!$T$9="Stellar Coupling",POWER(Upgrades!$U$9,H8),1)*IF(Upgrades!$T$10="Stellar Coupling",POWER(Upgrades!$U$10,I8),1)*IF(Upgrades!$T$11="Stellar Coupling",POWER(Upgrades!$U$11,J8),1)*IF(Upgrades!$T$12="Stellar Coupling",POWER(Upgrades!$U$12,K8),1))*POWER(Upgrades!$Q$6,E8)*POWER(Upgrades!$Q$7,F8)*POWER(Upgrades!$Q$8,G8)*POWER(Upgrades!$Q$9,H8)*POWER(Upgrades!$Q$10,I8)*POWER(Upgrades!$Q$11,J8)*POWER(Upgrades!$Q$12,K8)*Parameters!$B$10*Parameters!$B$11 -> 35 | AD8: =(IF(H8=0,0,(Upgrades!$G$9+H8*Upgrades!$H$9)*POWER(Upgrades!$I$9,H8)))*(IF(Upgrades!$T$6="Magnetosphere",POWER(Upgrades!$U$6,E8),1)*IF(Upgrades!$T$7="Magnetosphere",POWER(Upgrades!$U$7,F8),1)*IF(Upgrades!$T$8="Magnetosphere",POWER(Upgrades!$U$8,G8),1)*IF(Upgrades!$T$10="Magnetosphere",POWER(Upgrades!$U$10,I8),1)*IF(Upgrades!$T$11="Magnetosphere",POWER(Upgrades!$U$11,J8),1)*IF(Upgrades!$T$12="Magnetosphere",POWER(Upgrades!$U$12,K8),1))*POWER(Upgrades!$P$6,E8)*POWER(Upgrades!$P$7,F8)*POWER(Upgrades!$P$8,G8)*POWER(Upgrades!$P$9,H8)*POWER(Upgrades!$P$10,I8)*POWER(Upgrades!$P$11,J8)*POWER(Upgrades!$P$12,K8)*60 -> 0 | AE8: =(IF(K8=0,0,(Upgrades!$G$12+K8*Upgrades!$H$12)*POWER(Upgrades!$I$12,K8)))*(IF(Upgrades!$T$6="First Photons",POWER(Upgrades!$U$6,E8),1)*IF(Upgrades!$T$7="First Photons",POWER(Upgrades!$U$7,F8),1)*IF(Upgrades!$T$8="First Photons",POWER(Upgrades!$U$8,G8),1)*IF(Upgrades!$T$9="First Photons",POWER(Upgrades!$U$9,H8),1)*IF(Upgrades!$T$10="First Photons",POWER(Upgrades!$U$10,I8),1)*IF(Upgrades!$T$11="First Photons",POWER(Upgrades!$U$11,J8),1))*POWER(Upgrades!$P$6,E8)*POWER(Upgrades!$P$7,F8)*POWER(Upgrades!$P$8,G8)*POWER(Upgrades!$P$9,H8)*POWER(Upgrades!$P$10,I8)*POWER(Upgrades!$P$11,J8)*POWER(Upgrades!$P$12,K8)*60 -> 0 | AF8: =Parameters!$B$9*POWER(Upgrades!$Q$6,E8)*POWER(Upgrades!$Q$7,F8)*POWER(Upgrades!$Q$8,G8)*POWER(Upgrades!$Q$9,H8)*POWER(Upgrades!$Q$10,I8)*POWER(Upgrades!$Q$11,J8)*POWER(Upgrades!$Q$12,K8)*(Parameters!$B$10*Parameters!$B$11+O8*60) -> 100 | AG8: =IF(E8>=Upgrades!$E$6,"",Upgrades!$C$6*POWER(Upgrades!$D$6,E8)) -> 7 | AH8: =IF(F8>=Upgrades!$E$7,"",Upgrades!$C$7*POWER(Upgrades!$D$7,F8)) -> 20 | AI8: =IF(G8>=Upgrades!$E$8,"",Upgrades!$C$8*POWER(Upgrades!$D$8,G8)) -> 30.8 | AJ8: =IF(H8>=Upgrades!$E$9,"",Upgrades!$C$9*POWER(Upgrades!$D$9,H8)) -> 80 | AK8: =IF(I8>=Upgrades!$E$10,"",Upgrades!$C$10*POWER(Upgrades!$D$10,I8)) -> 240 | AL8: =IF(J8>=Upgrades!$E$11,"",Upgrades!$C$11*POWER(Upgrades!$D$11,J8)) -> 575 | AM8: =IF(K8>=Upgrades!$E$12,"",Upgrades!$C$12*POWER(Upgrades!$D$12,K8)) -> 850 | AN8: =IF(AND(D8>=Parameters!$B$18,(H8>=Upgrades!$E$9)*(K8>=Upgrades!$E$12)=1,L8=0),1,"") | AO8: =IF(AND(D8>=Parameters!$B$18,L8=0),1,"") | AP8: =MIN(IF(ISNUMBER(AK8),AK8,9000000000000000),IF(ISNUMBER(AL8),AL8,9000000000000000),IF(ISNUMBER(AM8),AM8,9000000000000000)) -> 240 | AQ8: =MIN(IF(ISNUMBER(AG8),AG8,9000000000000000),IF(ISNUMBER(AH8),AH8,9000000000000000),IF(ISNUMBER(AI8),AI8,9000000000000000),IF(ISNUMBER(AJ8),AJ8,9000000000000000)) -> 7 | AR8: =IF(AW8>Parameters!$B$21*(MAX(IF(AND(NOT(AND(AO8=1,AN8<>1)),ISNUMBER(AG8),AG8<=T8),AS8,0),IF(AND(NOT(AND(AO8=1,AN8<>1)),ISNUMBER(AH8),AH8<=T8),AT8,0),IF(AND(NOT(AND(AO8=1,AN8<>1)),ISNUMBER(AI8),AI8<=T8),AU8,0),IF(AND(ISNUMBER(AJ8),AJ8<=T8),AV8,0))),TRUE(),FALSE()) -> FALSE | AS8: =IFERROR(Upgrades!$H$6*(POWER(Upgrades!$P$6,E8)*POWER(Upgrades!$P$7,F8)*POWER(Upgrades!$P$8,G8)*POWER(Upgrades!$P$9,H8)*POWER(Upgrades!$P$10,I8)*POWER(Upgrades!$P$11,J8)*POWER(Upgrades!$P$12,K8))*(IF(Upgrades!$T$7="Solar Wind",POWER(Upgrades!$U$7,F8),1)*IF(Upgrades!$T$8="Solar Wind",POWER(Upgrades!$U$8,G8),1)*IF(Upgrades!$T$9="Solar Wind",POWER(Upgrades!$U$9,H8),1)*IF(Upgrades!$T$10="Solar Wind",POWER(Upgrades!$U$10,I8),1)*IF(Upgrades!$T$11="Solar Wind",POWER(Upgrades!$U$11,J8),1)*IF(Upgrades!$T$12="Solar Wind",POWER(Upgrades!$U$12,K8),1))/AG8,0) -> 0.011428571 | AT8: =IFERROR(Upgrades!$H$7*(POWER(Upgrades!$P$6,E8)*POWER(Upgrades!$P$7,F8)*POWER(Upgrades!$P$8,G8)*POWER(Upgrades!$P$9,H8)*POWER(Upgrades!$P$10,I8)*POWER(Upgrades!$P$11,J8)*POWER(Upgrades!$P$12,K8))*(IF(Upgrades!$T$6="Asteroid Belt",POWER(Upgrades!$U$6,E8),1)*IF(Upgrades!$T$8="Asteroid Belt",POWER(Upgrades!$U$8,G8),1)*IF(Upgrades!$T$9="Asteroid Belt",POWER(Upgrades!$U$9,H8),1)*IF(Upgrades!$T$10="Asteroid Belt",POWER(Upgrades!$U$10,I8),1)*IF(Upgrades!$T$11="Asteroid Belt",POWER(Upgrades!$U$11,J8),1)*IF(Upgrades!$T$12="Asteroid Belt",POWER(Upgrades!$U$12,K8),1))/AH8,0) -> 0.01 | AU8: =IFERROR(Upgrades!$K$8*(POWER(Upgrades!$Q$6,E8)*POWER(Upgrades!$Q$7,F8)*POWER(Upgrades!$Q$8,G8)*POWER(Upgrades!$Q$9,H8)*POWER(Upgrades!$Q$10,I8)*POWER(Upgrades!$Q$11,J8)*POWER(Upgrades!$Q$12,K8))*(IF(Upgrades!$T$6="Stellar Coupling",POWER(Upgrades!$U$6,E8),1)*IF(Upgrades!$T$7="Stellar Coupling",POWER(Upgrades!$U$7,F8),1)*IF(Upgrades!$T$9="Stellar Coupling",POWER(Upgrades!$U$9,H8),1)*IF(Upgrades!$T$10="Stellar Coupling",POWER(Upgrades!$U$10,I8),1)*IF(Upgrades!$T$11="Stellar Coupling",POWER(Upgrades!$U$11,J8),1)*IF(Upgrades!$T$12="Stellar Coupling",POWER(Upgrades!$U$12,K8),1))*Parameters!$B$10*Parameters!$B$11/60/AI8,0) -> 0.018939394 | AV8: =IFERROR(Upgrades!$H$9*(POWER(Upgrades!$P$6,E8)*POWER(Upgrades!$P$7,F8)*POWER(Upgrades!$P$8,G8)*POWER(Upgrades!$P$9,H8)*POWER(Upgrades!$P$10,I8)*POWER(Upgrades!$P$11,J8)*POWER(Upgrades!$P$12,K8))*(IF(Upgrades!$T$6="Magnetosphere",POWER(Upgrades!$U$6,E8),1)*IF(Upgrades!$T$7="Magnetosphere",POWER(Upgrades!$U$7,F8),1)*IF(Upgrades!$T$8="Magnetosphere",POWER(Upgrades!$U$8,G8),1)*IF(Upgrades!$T$10="Magnetosphere",POWER(Upgrades!$U$10,I8),1)*IF(Upgrades!$T$11="Magnetosphere",POWER(Upgrades!$U$11,J8),1)*IF(Upgrades!$T$12="Magnetosphere",POWER(Upgrades!$U$12,K8),1))/AJ8,0) -> 0.0125 | AW8: =MAX(IF(I8>0,0,IFERROR(0.25*N8/Upgrades!$C$10,0)),IF(J8>0,0,IFERROR(0.5*((IF(G8=0,0,(Upgrades!$J$8+G8*Upgrades!$K$8)*POWER(Upgrades!$L$8,G8)))*(IF(Upgrades!$T$6="Stellar Coupling",POWER(Upgrades!$U$6,E8),1)*IF(Upgrades!$T$7="Stellar Coupling",POWER(Upgrades!$U$7,F8),1)*IF(Upgrades!$T$9="Stellar Coupling",POWER(Upgrades!$U$9,H8),1)*IF(Upgrades!$T$10="Stellar Coupling",POWER(Upgrades!$U$10,I8),1)*IF(Upgrades!$T$11="Stellar Coupling",POWER(Upgrades!$U$11,J8),1)*IF(Upgrades!$T$12="Stellar Coupling",POWER(Upgrades!$U$12,K8),1))*(POWER(Upgrades!$Q$6,E8)*POWER(Upgrades!$Q$7,F8)*POWER(Upgrades!$Q$8,G8)*POWER(Upgrades!$Q$9,H8)*POWER(Upgrades!$Q$10,I8)*POWER(Upgrades!$Q$11,J8)*POWER(Upgrades!$Q$12,K8))*Parameters!$B$10*Parameters!$B$11/60)/Upgrades!$C$11,0)),IF(K8>0,0,IFERROR((1*(POWER(Upgrades!$P$6,E8)*POWER(Upgrades!$P$7,F8)*POWER(Upgrades!$P$8,G8)*POWER(Upgrades!$P$9,H8)*POWER(Upgrades!$P$10,I8)*POWER(Upgrades!$P$11,J8)*POWER(Upgrades!$P$12,K8))+0.2*M8*Parameters!$B$10*Parameters!$B$11/60)/Upgrades!$C$12,0)),IF(AND(ISNUMBER(AG8),AG8>T8),AS8,0),IF(AND(ISNUMBER(AH8),AH8>T8),AT8,0),IF(AND(ISNUMBER(AI8),AI8>T8),AU8,0),IF(AND(ISNUMBER(AJ8),AJ8>T8),AV8,0)) -> 0.0125 | AX8: =IF(AN8=1,"transition",IF(MIN(IF(AND(I8=0,ISNUMBER(AK8),AK8<=T8),AK8,9000000000000000),IF(AND(J8=0,ISNUMBER(AL8),AL8<=T8),AL8,9000000000000000),IF(AND(K8=0,ISNUMBER(AM8),AM8<=T8),AM8,9000000000000000))<9000000000000000,IF(AND(AND(I8=0,ISNUMBER(AK8),AK8<=T8),AK8=MIN(IF(AND(I8=0,ISNUMBER(AK8),AK8<=T8),AK8,9000000000000000),IF(AND(J8=0,ISNUMBER(AL8),AL8<=T8),AL8,9000000000000000),IF(AND(K8=0,ISNUMBER(AM8),AM8<=T8),AM8,9000000000000000))),"OR",IF(AND(AND(J8=0,ISNUMBER(AL8),AL8<=T8),AL8=MIN(IF(AND(I8=0,ISNUMBER(AK8),AK8<=T8),AK8,9000000000000000),IF(AND(J8=0,ISNUMBER(AL8),AL8<=T8),AL8,9000000000000000),IF(AND(K8=0,ISNUMBER(AM8),AM8<=T8),AM8,9000000000000000))),"HP","FP")),IF(AR8=TRUE(),"",IF(MAX(IF(AND(NOT(AND(AO8=1,AN8<>1)),ISNUMBER(AG8),AG8<=T8),AS8,0),IF(AND(NOT(AND(AO8=1,AN8<>1)),ISNUMBER(AH8),AH8<=T8),AT8,0),IF(AND(NOT(AND(AO8=1,AN8<>1)),ISNUMBER(AI8),AI8<=T8),AU8,0),IF(AND(ISNUMBER(AJ8),AJ8<=T8),AV8,0))<=0,"",IF(AND(IF(AND(NOT(AND(AO8=1,AN8<>1)),ISNUMBER(AG8),AG8<=T8),AS8,0)>0,IF(AND(NOT(AND(AO8=1,AN8<>1)),ISNUMBER(AG8),AG8<=T8),AS8,0)=MAX(IF(AND(NOT(AND(AO8=1,AN8<>1)),ISNUMBER(AG8),AG8<=T8),AS8,0),IF(AND(NOT(AND(AO8=1,AN8<>1)),ISNUMBER(AH8),AH8<=T8),AT8,0),IF(AND(NOT(AND(AO8=1,AN8<>1)),ISNUMBER(AI8),AI8<=T8),AU8,0),IF(AND(ISNUMBER(AJ8),AJ8<=T8),AV8,0))),"SW",IF(AND(IF(AND(NOT(AND(AO8=1,AN8<>1)),ISNUMBER(AH8),AH8<=T8),AT8,0)>0,IF(AND(NOT(AND(AO8=1,AN8<>1)),ISNUMBER(AH8),AH8<=T8),AT8,0)=MAX(IF(AND(NOT(AND(AO8=1,AN8<>1)),ISNUMBER(AG8),AG8<=T8),AS8,0),IF(AND(NOT(AND(AO8=1,AN8<>1)),ISNUMBER(AH8),AH8<=T8),AT8,0),IF(AND(NOT(AND(AO8=1,AN8<>1)),ISNUMBER(AI8),AI8<=T8),AU8,0),IF(AND(ISNUMBER(AJ8),AJ8<=T8),AV8,0))),"AB",IF(AND(IF(AND(NOT(AND(AO8=1,AN8<>1)),ISNUMBER(AI8),AI8<=T8),AU8,0)>0,IF(AND(NOT(AND(AO8=1,AN8<>1)),ISNUMBER(AI8),AI8<=T8),AU8,0)=MAX(IF(AND(NOT(AND(AO8=1,AN8<>1)),ISNUMBER(AG8),AG8<=T8),AS8,0),IF(AND(NOT(AND(AO8=1,AN8<>1)),ISNUMBER(AH8),AH8<=T8),AT8,0),IF(AND(NOT(AND(AO8=1,AN8<>1)),ISNUMBER(AI8),AI8<=T8),AU8,0),IF(AND(ISNUMBER(AJ8),AJ8<=T8),AV8,0))),"SC","Mag"))))))) -> SC
A9: 4 | B9: =A9*10/60 -> 0.66666667 | C9: =X8 -> 3.0333333 | D9: =D8+W8 -> 0 | E9: =E8+IF(U8="SW",1,0) -> 0 | F9: =F8+IF(U8="AB",1,0) -> 0 | G9: =G8+IF(U8="SC",1,0) -> 2 | H9: =H8+IF(U8="Mag",1,0) -> 0 | I9: =MAX(I8,IF(U8="OR",1,0)) -> 0 | J9: =MAX(J8,IF(U8="HP",1,0)) -> 0 | K9: =MAX(K8,IF(U8="FP",1,0)) -> 0 | L9: =MAX(L8,IF(U8="transition",1,0)) -> 0 | M9: =(Parameters!$B$9+(IF(E9=0,0,(Upgrades!$J$6+E9*Upgrades!$K$6)*POWER(Upgrades!$L$6,E9)))*(IF(Upgrades!$T$7="Solar Wind",POWER(Upgrades!$U$7,F9),1)*IF(Upgrades!$T$8="Solar Wind",POWER(Upgrades!$U$8,G9),1)*IF(Upgrades!$T$9="Solar Wind",POWER(Upgrades!$U$9,H9),1)*IF(Upgrades!$T$10="Solar Wind",POWER(Upgrades!$U$10,I9),1)*IF(Upgrades!$T$11="Solar Wind",POWER(Upgrades!$U$11,J9),1)*IF(Upgrades!$T$12="Solar Wind",POWER(Upgrades!$U$12,K9),1))+(IF(F9=0,0,(Upgrades!$J$7+F9*Upgrades!$K$7)*POWER(Upgrades!$L$7,F9)))*(IF(Upgrades!$T$6="Asteroid Belt",POWER(Upgrades!$U$6,E9),1)*IF(Upgrades!$T$8="Asteroid Belt",POWER(Upgrades!$U$8,G9),1)*IF(Upgrades!$T$9="Asteroid Belt",POWER(Upgrades!$U$9,H9),1)*IF(Upgrades!$T$10="Asteroid Belt",POWER(Upgrades!$U$10,I9),1)*IF(Upgrades!$T$11="Asteroid Belt",POWER(Upgrades!$U$11,J9),1)*IF(Upgrades!$T$12="Asteroid Belt",POWER(Upgrades!$U$12,K9),1))+(IF(G9=0,0,(Upgrades!$J$8+G9*Upgrades!$K$8)*POWER(Upgrades!$L$8,G9)))*(IF(Upgrades!$T$6="Stellar Coupling",POWER(Upgrades!$U$6,E9),1)*IF(Upgrades!$T$7="Stellar Coupling",POWER(Upgrades!$U$7,F9),1)*IF(Upgrades!$T$9="Stellar Coupling",POWER(Upgrades!$U$9,H9),1)*IF(Upgrades!$T$10="Stellar Coupling",POWER(Upgrades!$U$10,I9),1)*IF(Upgrades!$T$11="Stellar Coupling",POWER(Upgrades!$U$11,J9),1)*IF(Upgrades!$T$12="Stellar Coupling",POWER(Upgrades!$U$12,K9),1))+(IF(H9=0,0,(Upgrades!$J$9+H9*Upgrades!$K$9)*POWER(Upgrades!$L$9,H9)))*(IF(Upgrades!$T$6="Magnetosphere",POWER(Upgrades!$U$6,E9),1)*IF(Upgrades!$T$7="Magnetosphere",POWER(Upgrades!$U$7,F9),1)*IF(Upgrades!$T$8="Magnetosphere",POWER(Upgrades!$U$8,G9),1)*IF(Upgrades!$T$10="Magnetosphere",POWER(Upgrades!$U$10,I9),1)*IF(Upgrades!$T$11="Magnetosphere",POWER(Upgrades!$U$11,J9),1)*IF(Upgrades!$T$12="Magnetosphere",POWER(Upgrades!$U$12,K9),1))+(IF(I9=0,0,(Upgrades!$J$10+I9*Upgrades!$K$10)*POWER(Upgrades!$L$10,I9)))*(IF(Upgrades!$T$6="Orbital Resonance",POWER(Upgrades!$U$6,E9),1)*IF(Upgrades!$T$7="Orbital Resonance",POWER(Upgrades!$U$7,F9),1)*IF(Upgrades!$T$8="Orbital Resonance",POWER(Upgrades!$U$8,G9),1)*IF(Upgrades!$T$9="Orbital Resonance",POWER(Upgrades!$U$9,H9),1)*IF(Upgrades!$T$11="Orbital Resonance",POWER(Upgrades!$U$11,J9),1)*IF(Upgrades!$T$12="Orbital Resonance",POWER(Upgrades!$U$12,K9),1))+(IF(J9=0,0,(Upgrades!$J$11+J9*Upgrades!$K$11)*POWER(Upgrades!$L$11,J9)))*(IF(Upgrades!$T$6="Heliopause",POWER(Upgrades!$U$6,E9),1)*IF(Upgrades!$T$7="Heliopause",POWER(Upgrades!$U$7,F9),1)*IF(Upgrades!$T$8="Heliopause",POWER(Upgrades!$U$8,G9),1)*IF(Upgrades!$T$9="Heliopause",POWER(Upgrades!$U$9,H9),1)*IF(Upgrades!$T$10="Heliopause",POWER(Upgrades!$U$10,I9),1)*IF(Upgrades!$T$12="Heliopause",POWER(Upgrades!$U$12,K9),1))+(IF(K9=0,0,(Upgrades!$J$12+K9*Upgrades!$K$12)*POWER(Upgrades!$L$12,K9)))*(IF(Upgrades!$T$6="First Photons",POWER(Upgrades!$U$6,E9),1)*IF(Upgrades!$T$7="First Photons",POWER(Upgrades!$U$7,F9),1)*IF(Upgrades!$T$8="First Photons",POWER(Upgrades!$U$8,G9),1)*IF(Upgrades!$T$9="First Photons",POWER(Upgrades!$U$9,H9),1)*IF(Upgrades!$T$10="First Photons",POWER(Upgrades!$U$10,I9),1)*IF(Upgrades!$T$11="First Photons",POWER(Upgrades!$U$11,J9),1)))*POWER(Upgrades!$Q$6,E9)*POWER(Upgrades!$Q$7,F9)*POWER(Upgrades!$Q$8,G9)*POWER(Upgrades!$Q$9,H9)*POWER(Upgrades!$Q$10,I9)*POWER(Upgrades!$Q$11,J9)*POWER(Upgrades!$Q$12,K9) -> 1.7 | N9: =((IF(E9=0,0,(Upgrades!$G$6+E9*Upgrades!$H$6)*POWER(Upgrades!$I$6,E9)))*(IF(Upgrades!$T$7="Solar Wind",POWER(Upgrades!$U$7,F9),1)*IF(Upgrades!$T$8="Solar Wind",POWER(Upgrades!$U$8,G9),1)*IF(Upgrades!$T$9="Solar Wind",POWER(Upgrades!$U$9,H9),1)*IF(Upgrades!$T$10="Solar Wind",POWER(Upgrades!$U$10,I9),1)*IF(Upgrades!$T$11="Solar Wind",POWER(Upgrades!$U$11,J9),1)*IF(Upgrades!$T$12="Solar Wind",POWER(Upgrades!$U$12,K9),1))+(IF(F9=0,0,(Upgrades!$G$7+F9*Upgrades!$H$7)*POWER(Upgrades!$I$7,F9)))*(IF(Upgrades!$T$6="Asteroid Belt",POWER(Upgrades!$U$6,E9),1)*IF(Upgrades!$T$8="Asteroid Belt",POWER(Upgrades!$U$8,G9),1)*IF(Upgrades!$T$9="Asteroid Belt",POWER(Upgrades!$U$9,H9),1)*IF(Upgrades!$T$10="Asteroid Belt",POWER(Upgrades!$U$10,I9),1)*IF(Upgrades!$T$11="Asteroid Belt",POWER(Upgrades!$U$11,J9),1)*IF(Upgrades!$T$12="Asteroid Belt",POWER(Upgrades!$U$12,K9),1))+(IF(G9=0,0,(Upgrades!$G$8+G9*Upgrades!$H$8)*POWER(Upgrades!$I$8,G9)))*(IF(Upgrades!$T$6="Stellar Coupling",POWER(Upgrades!$U$6,E9),1)*IF(Upgrades!$T$7="Stellar Coupling",POWER(Upgrades!$U$7,F9),1)*IF(Upgrades!$T$9="Stellar Coupling",POWER(Upgrades!$U$9,H9),1)*IF(Upgrades!$T$10="Stellar Coupling",POWER(Upgrades!$U$10,I9),1)*IF(Upgrades!$T$11="Stellar Coupling",POWER(Upgrades!$U$11,J9),1)*IF(Upgrades!$T$12="Stellar Coupling",POWER(Upgrades!$U$12,K9),1))+(IF(H9=0,0,(Upgrades!$G$9+H9*Upgrades!$H$9)*POWER(Upgrades!$I$9,H9)))*(IF(Upgrades!$T$6="Magnetosphere",POWER(Upgrades!$U$6,E9),1)*IF(Upgrades!$T$7="Magnetosphere",POWER(Upgrades!$U$7,F9),1)*IF(Upgrades!$T$8="Magnetosphere",POWER(Upgrades!$U$8,G9),1)*IF(Upgrades!$T$10="Magnetosphere",POWER(Upgrades!$U$10,I9),1)*IF(Upgrades!$T$11="Magnetosphere",POWER(Upgrades!$U$11,J9),1)*IF(Upgrades!$T$12="Magnetosphere",POWER(Upgrades!$U$12,K9),1))+(IF(I9=0,0,(Upgrades!$G$10+I9*Upgrades!$H$10)*POWER(Upgrades!$I$10,I9)))*(IF(Upgrades!$T$6="Orbital Resonance",POWER(Upgrades!$U$6,E9),1)*IF(Upgrades!$T$7="Orbital Resonance",POWER(Upgrades!$U$7,F9),1)*IF(Upgrades!$T$8="Orbital Resonance",POWER(Upgrades!$U$8,G9),1)*IF(Upgrades!$T$9="Orbital Resonance",POWER(Upgrades!$U$9,H9),1)*IF(Upgrades!$T$11="Orbital Resonance",POWER(Upgrades!$U$11,J9),1)*IF(Upgrades!$T$12="Orbital Resonance",POWER(Upgrades!$U$12,K9),1))+(IF(J9=0,0,(Upgrades!$G$11+J9*Upgrades!$H$11)*POWER(Upgrades!$I$11,J9)))*(IF(Upgrades!$T$6="Heliopause",POWER(Upgrades!$U$6,E9),1)*IF(Upgrades!$T$7="Heliopause",POWER(Upgrades!$U$7,F9),1)*IF(Upgrades!$T$8="Heliopause",POWER(Upgrades!$U$8,G9),1)*IF(Upgrades!$T$9="Heliopause",POWER(Upgrades!$U$9,H9),1)*IF(Upgrades!$T$10="Heliopause",POWER(Upgrades!$U$10,I9),1)*IF(Upgrades!$T$12="Heliopause",POWER(Upgrades!$U$12,K9),1))+(IF(K9=0,0,(Upgrades!$G$12+K9*Upgrades!$H$12)*POWER(Upgrades!$I$12,K9)))*(IF(Upgrades!$T$6="First Photons",POWER(Upgrades!$U$6,E9),1)*IF(Upgrades!$T$7="First Photons",POWER(Upgrades!$U$7,F9),1)*IF(Upgrades!$T$8="First Photons",POWER(Upgrades!$U$8,G9),1)*IF(Upgrades!$T$9="First Photons",POWER(Upgrades!$U$9,H9),1)*IF(Upgrades!$T$10="First Photons",POWER(Upgrades!$U$10,I9),1)*IF(Upgrades!$T$11="First Photons",POWER(Upgrades!$U$11,J9),1)))*POWER(Upgrades!$P$6,E9)*POWER(Upgrades!$P$7,F9)*POWER(Upgrades!$P$8,G9)*POWER(Upgrades!$P$9,H9)*POWER(Upgrades!$P$10,I9)*POWER(Upgrades!$P$11,J9)*POWER(Upgrades!$P$12,K9) -> 0 | O9: =((IF(E9=0,0,(Upgrades!$M$6+E9*Upgrades!$N$6)*POWER(Upgrades!$O$6,E9)))*(IF(Upgrades!$T$7="Solar Wind",POWER(Upgrades!$U$7,F9),1)*IF(Upgrades!$T$8="Solar Wind",POWER(Upgrades!$U$8,G9),1)*IF(Upgrades!$T$9="Solar Wind",POWER(Upgrades!$U$9,H9),1)*IF(Upgrades!$T$10="Solar Wind",POWER(Upgrades!$U$10,I9),1)*IF(Upgrades!$T$11="Solar Wind",POWER(Upgrades!$U$11,J9),1)*IF(Upgrades!$T$12="Solar Wind",POWER(Upgrades!$U$12,K9),1))+(IF(F9=0,0,(Upgrades!$M$7+F9*Upgrades!$N$7)*POWER(Upgrades!$O$7,F9)))*(IF(Upgrades!$T$6="Asteroid Belt",POWER(Upgrades!$U$6,E9),1)*IF(Upgrades!$T$8="Asteroid Belt",POWER(Upgrades!$U$8,G9),1)*IF(Upgrades!$T$9="Asteroid Belt",POWER(Upgrades!$U$9,H9),1)*IF(Upgrades!$T$10="Asteroid Belt",POWER(Upgrades!$U$10,I9),1)*IF(Upgrades!$T$11="Asteroid Belt",POWER(Upgrades!$U$11,J9),1)*IF(Upgrades!$T$12="Asteroid Belt",POWER(Upgrades!$U$12,K9),1))+(IF(G9=0,0,(Upgrades!$M$8+G9*Upgrades!$N$8)*POWER(Upgrades!$O$8,G9)))*(IF(Upgrades!$T$6="Stellar Coupling",POWER(Upgrades!$U$6,E9),1)*IF(Upgrades!$T$7="Stellar Coupling",POWER(Upgrades!$U$7,F9),1)*IF(Upgrades!$T$9="Stellar Coupling",POWER(Upgrades!$U$9,H9),1)*IF(Upgrades!$T$10="Stellar Coupling",POWER(Upgrades!$U$10,I9),1)*IF(Upgrades!$T$11="Stellar Coupling",POWER(Upgrades!$U$11,J9),1)*IF(Upgrades!$T$12="Stellar Coupling",POWER(Upgrades!$U$12,K9),1))+(IF(H9=0,0,(Upgrades!$M$9+H9*Upgrades!$N$9)*POWER(Upgrades!$O$9,H9)))*(IF(Upgrades!$T$6="Magnetosphere",POWER(Upgrades!$U$6,E9),1)*IF(Upgrades!$T$7="Magnetosphere",POWER(Upgrades!$U$7,F9),1)*IF(Upgrades!$T$8="Magnetosphere",POWER(Upgrades!$U$8,G9),1)*IF(Upgrades!$T$10="Magnetosphere",POWER(Upgrades!$U$10,I9),1)*IF(Upgrades!$T$11="Magnetosphere",POWER(Upgrades!$U$11,J9),1)*IF(Upgrades!$T$12="Magnetosphere",POWER(Upgrades!$U$12,K9),1))+(IF(I9=0,0,(Upgrades!$M$10+I9*Upgrades!$N$10)*POWER(Upgrades!$O$10,I9)))*(IF(Upgrades!$T$6="Orbital Resonance",POWER(Upgrades!$U$6,E9),1)*IF(Upgrades!$T$7="Orbital Resonance",POWER(Upgrades!$U$7,F9),1)*IF(Upgrades!$T$8="Orbital Resonance",POWER(Upgrades!$U$8,G9),1)*IF(Upgrades!$T$9="Orbital Resonance",POWER(Upgrades!$U$9,H9),1)*IF(Upgrades!$T$11="Orbital Resonance",POWER(Upgrades!$U$11,J9),1)*IF(Upgrades!$T$12="Orbital Resonance",POWER(Upgrades!$U$12,K9),1))+(IF(J9=0,0,(Upgrades!$M$11+J9*Upgrades!$N$11)*POWER(Upgrades!$O$11,J9)))*(IF(Upgrades!$T$6="Heliopause",POWER(Upgrades!$U$6,E9),1)*IF(Upgrades!$T$7="Heliopause",POWER(Upgrades!$U$7,F9),1)*IF(Upgrades!$T$8="Heliopause",POWER(Upgrades!$U$8,G9),1)*IF(Upgrades!$T$9="Heliopause",POWER(Upgrades!$U$9,H9),1)*IF(Upgrades!$T$10="Heliopause",POWER(Upgrades!$U$10,I9),1)*IF(Upgrades!$T$12="Heliopause",POWER(Upgrades!$U$12,K9),1))+(IF(K9=0,0,(Upgrades!$M$12+K9*Upgrades!$N$12)*POWER(Upgrades!$O$12,K9)))*(IF(Upgrades!$T$6="First Photons",POWER(Upgrades!$U$6,E9),1)*IF(Upgrades!$T$7="First Photons",POWER(Upgrades!$U$7,F9),1)*IF(Upgrades!$T$8="First Photons",POWER(Upgrades!$U$8,G9),1)*IF(Upgrades!$T$9="First Photons",POWER(Upgrades!$U$9,H9),1)*IF(Upgrades!$T$10="First Photons",POWER(Upgrades!$U$10,I9),1)*IF(Upgrades!$T$11="First Photons",POWER(Upgrades!$U$11,J9),1)))*POWER(Upgrades!$R$6,E9)*POWER(Upgrades!$R$7,F9)*POWER(Upgrades!$R$8,G9)*POWER(Upgrades!$R$9,H9)*POWER(Upgrades!$R$10,I9)*POWER(Upgrades!$R$11,J9)*POWER(Upgrades!$R$12,K9) -> 0 | P9: =IF(L9=1,0,M9*Parameters!$B$10/60*Parameters!$B$11*10) -> 28.333333 | Q9: =IF(L9=1,0,O9*M9*10) -> 0 | R9: =IF(L9=1,0,N9*10) -> 0 | S9: =P9+Q9+R9 -> 28.333333 | T9: =C9+S9 -> 31.366667 | U9: =AX9 -> SW | V9: =IF(U9="",0,IF(U9="transition",0,IF(U9="SW",AG9,IF(U9="AB",AH9,IF(U9="SC",AI9,IF(U9="Mag",AJ9,IF(U9="OR",AK9,IF(U9="HP",AL9,IF(U9="FP",AM9,0))))))))) -> 7 | W9: =IF(U9="OR",Upgrades!$F$10,IF(U9="HP",Upgrades!$F$11,IF(U9="transition",-Parameters!$B$18,0))) -> 0 | X9: =T9-V9 -> 24.366667 | Y9: =M9*Parameters!$B$10/60*Parameters!$B$11+O9*M9+N9 -> 2.8333333 | Z9: =IF(U9="transition","→ Tier 2 (Stellar Neighborhood)",IF(U9="FP","First Photons — light begins, system quickens",IF(U9="HP","Heliopause acquired",IF(U9="OR","Orbital Resonance — passive multiplier active",IF(AND(AO9=1,L9=0,AN9<>1),"Cohesion ready (waiting on completionist upgrades)",""))))) | AA9: =(IF(E9=0,0,(Upgrades!$G$6+E9*Upgrades!$H$6)*POWER(Upgrades!$I$6,E9)))*(IF(Upgrades!$T$7="Solar Wind",POWER(Upgrades!$U$7,F9),1)*IF(Upgrades!$T$8="Solar Wind",POWER(Upgrades!$U$8,G9),1)*IF(Upgrades!$T$9="Solar Wind",POWER(Upgrades!$U$9,H9),1)*IF(Upgrades!$T$10="Solar Wind",POWER(Upgrades!$U$10,I9),1)*IF(Upgrades!$T$11="Solar Wind",POWER(Upgrades!$U$11,J9),1)*IF(Upgrades!$T$12="Solar Wind",POWER(Upgrades!$U$12,K9),1))*POWER(Upgrades!$P$6,E9)*POWER(Upgrades!$P$7,F9)*POWER(Upgrades!$P$8,G9)*POWER(Upgrades!$P$9,H9)*POWER(Upgrades!$P$10,I9)*POWER(Upgrades!$P$11,J9)*POWER(Upgrades!$P$12,K9)*60 -> 0 | AB9: =(IF(F9=0,0,(Upgrades!$G$7+F9*Upgrades!$H$7)*POWER(Upgrades!$I$7,F9)))*(IF(Upgrades!$T$6="Asteroid Belt",POWER(Upgrades!$U$6,E9),1)*IF(Upgrades!$T$8="Asteroid Belt",POWER(Upgrades!$U$8,G9),1)*IF(Upgrades!$T$9="Asteroid Belt",POWER(Upgrades!$U$9,H9),1)*IF(Upgrades!$T$10="Asteroid Belt",POWER(Upgrades!$U$10,I9),1)*IF(Upgrades!$T$11="Asteroid Belt",POWER(Upgrades!$U$11,J9),1)*IF(Upgrades!$T$12="Asteroid Belt",POWER(Upgrades!$U$12,K9),1))*POWER(Upgrades!$P$6,E9)*POWER(Upgrades!$P$7,F9)*POWER(Upgrades!$P$8,G9)*POWER(Upgrades!$P$9,H9)*POWER(Upgrades!$P$10,I9)*POWER(Upgrades!$P$11,J9)*POWER(Upgrades!$P$12,K9)*60 -> 0 | AC9: =(IF(G9=0,0,(Upgrades!$J$8+G9*Upgrades!$K$8)*POWER(Upgrades!$L$8,G9)))*(IF(Upgrades!$T$6="Stellar Coupling",POWER(Upgrades!$U$6,E9),1)*IF(Upgrades!$T$7="Stellar Coupling",POWER(Upgrades!$U$7,F9),1)*IF(Upgrades!$T$9="Stellar Coupling",POWER(Upgrades!$U$9,H9),1)*IF(Upgrades!$T$10="Stellar Coupling",POWER(Upgrades!$U$10,I9),1)*IF(Upgrades!$T$11="Stellar Coupling",POWER(Upgrades!$U$11,J9),1)*IF(Upgrades!$T$12="Stellar Coupling",POWER(Upgrades!$U$12,K9),1))*POWER(Upgrades!$Q$6,E9)*POWER(Upgrades!$Q$7,F9)*POWER(Upgrades!$Q$8,G9)*POWER(Upgrades!$Q$9,H9)*POWER(Upgrades!$Q$10,I9)*POWER(Upgrades!$Q$11,J9)*POWER(Upgrades!$Q$12,K9)*Parameters!$B$10*Parameters!$B$11 -> 70 | AD9: =(IF(H9=0,0,(Upgrades!$G$9+H9*Upgrades!$H$9)*POWER(Upgrades!$I$9,H9)))*(IF(Upgrades!$T$6="Magnetosphere",POWER(Upgrades!$U$6,E9),1)*IF(Upgrades!$T$7="Magnetosphere",POWER(Upgrades!$U$7,F9),1)*IF(Upgrades!$T$8="Magnetosphere",POWER(Upgrades!$U$8,G9),1)*IF(Upgrades!$T$10="Magnetosphere",POWER(Upgrades!$U$10,I9),1)*IF(Upgrades!$T$11="Magnetosphere",POWER(Upgrades!$U$11,J9),1)*IF(Upgrades!$T$12="Magnetosphere",POWER(Upgrades!$U$12,K9),1))*POWER(Upgrades!$P$6,E9)*POWER(Upgrades!$P$7,F9)*POWER(Upgrades!$P$8,G9)*POWER(Upgrades!$P$9,H9)*POWER(Upgrades!$P$10,I9)*POWER(Upgrades!$P$11,J9)*POWER(Upgrades!$P$12,K9)*60 -> 0 | AE9: =(IF(K9=0,0,(Upgrades!$G$12+K9*Upgrades!$H$12)*POWER(Upgrades!$I$12,K9)))*(IF(Upgrades!$T$6="First Photons",POWER(Upgrades!$U$6,E9),1)*IF(Upgrades!$T$7="First Photons",POWER(Upgrades!$U$7,F9),1)*IF(Upgrades!$T$8="First Photons",POWER(Upgrades!$U$8,G9),1)*IF(Upgrades!$T$9="First Photons",POWER(Upgrades!$U$9,H9),1)*IF(Upgrades!$T$10="First Photons",POWER(Upgrades!$U$10,I9),1)*IF(Upgrades!$T$11="First Photons",POWER(Upgrades!$U$11,J9),1))*POWER(Upgrades!$P$6,E9)*POWER(Upgrades!$P$7,F9)*POWER(Upgrades!$P$8,G9)*POWER(Upgrades!$P$9,H9)*POWER(Upgrades!$P$10,I9)*POWER(Upgrades!$P$11,J9)*POWER(Upgrades!$P$12,K9)*60 -> 0 | AF9: =Parameters!$B$9*POWER(Upgrades!$Q$6,E9)*POWER(Upgrades!$Q$7,F9)*POWER(Upgrades!$Q$8,G9)*POWER(Upgrades!$Q$9,H9)*POWER(Upgrades!$Q$10,I9)*POWER(Upgrades!$Q$11,J9)*POWER(Upgrades!$Q$12,K9)*(Parameters!$B$10*Parameters!$B$11+O9*60) -> 100 | AG9: =IF(E9>=Upgrades!$E$6,"",Upgrades!$C$6*POWER(Upgrades!$D$6,E9)) -> 7 | AH9: =IF(F9>=Upgrades!$E$7,"",Upgrades!$C$7*POWER(Upgrades!$D$7,F9)) -> 20 | AI9: =IF(G9>=Upgrades!$E$8,"",Upgrades!$C$8*POWER(Upgrades!$D$8,G9)) -> 43.12 | AJ9: =IF(H9>=Upgrades!$E$9,"",Upgrades!$C$9*POWER(Upgrades!$D$9,H9)) -> 80 | AK9: =IF(I9>=Upgrades!$E$10,"",Upgrades!$C$10*POWER(Upgrades!$D$10,I9)) -> 240 | AL9: =IF(J9>=Upgrades!$E$11,"",Upgrades!$C$11*POWER(Upgrades!$D$11,J9)) -> 575 | AM9: =IF(K9>=Upgrades!$E$12,"",Upgrades!$C$12*POWER(Upgrades!$D$12,K9)) -> 850 | AN9: =IF(AND(D9>=Parameters!$B$18,(H9>=Upgrades!$E$9)*(K9>=Upgrades!$E$12)=1,L9=0),1,"") | AO9: =IF(AND(D9>=Parameters!$B$18,L9=0),1,"") | AP9: =MIN(IF(ISNUMBER(AK9),AK9,9000000000000000),IF(ISNUMBER(AL9),AL9,9000000000000000),IF(ISNUMBER(AM9),AM9,9000000000000000)) -> 240 | AQ9: =MIN(IF(ISNUMBER(AG9),AG9,9000000000000000),IF(ISNUMBER(AH9),AH9,9000000000000000),IF(ISNUMBER(AI9),AI9,9000000000000000),IF(ISNUMBER(AJ9),AJ9,9000000000000000)) -> 7 | AR9: =IF(AW9>Parameters!$B$21*(MAX(IF(AND(NOT(AND(AO9=1,AN9<>1)),ISNUMBER(AG9),AG9<=T9),AS9,0),IF(AND(NOT(AND(AO9=1,AN9<>1)),ISNUMBER(AH9),AH9<=T9),AT9,0),IF(AND(NOT(AND(AO9=1,AN9<>1)),ISNUMBER(AI9),AI9<=T9),AU9,0),IF(AND(ISNUMBER(AJ9),AJ9<=T9),AV9,0))),TRUE(),FALSE()) -> FALSE | AS9: =IFERROR(Upgrades!$H$6*(POWER(Upgrades!$P$6,E9)*POWER(Upgrades!$P$7,F9)*POWER(Upgrades!$P$8,G9)*POWER(Upgrades!$P$9,H9)*POWER(Upgrades!$P$10,I9)*POWER(Upgrades!$P$11,J9)*POWER(Upgrades!$P$12,K9))*(IF(Upgrades!$T$7="Solar Wind",POWER(Upgrades!$U$7,F9),1)*IF(Upgrades!$T$8="Solar Wind",POWER(Upgrades!$U$8,G9),1)*IF(Upgrades!$T$9="Solar Wind",POWER(Upgrades!$U$9,H9),1)*IF(Upgrades!$T$10="Solar Wind",POWER(Upgrades!$U$10,I9),1)*IF(Upgrades!$T$11="Solar Wind",POWER(Upgrades!$U$11,J9),1)*IF(Upgrades!$T$12="Solar Wind",POWER(Upgrades!$U$12,K9),1))/AG9,0) -> 0.011428571 | AT9: =IFERROR(Upgrades!$H$7*(POWER(Upgrades!$P$6,E9)*POWER(Upgrades!$P$7,F9)*POWER(Upgrades!$P$8,G9)*POWER(Upgrades!$P$9,H9)*POWER(Upgrades!$P$10,I9)*POWER(Upgrades!$P$11,J9)*POWER(Upgrades!$P$12,K9))*(IF(Upgrades!$T$6="Asteroid Belt",POWER(Upgrades!$U$6,E9),1)*IF(Upgrades!$T$8="Asteroid Belt",POWER(Upgrades!$U$8,G9),1)*IF(Upgrades!$T$9="Asteroid Belt",POWER(Upgrades!$U$9,H9),1)*IF(Upgrades!$T$10="Asteroid Belt",POWER(Upgrades!$U$10,I9),1)*IF(Upgrades!$T$11="Asteroid Belt",POWER(Upgrades!$U$11,J9),1)*IF(Upgrades!$T$12="Asteroid Belt",POWER(Upgrades!$U$12,K9),1))/AH9,0) -> 0.01 | AU9: =IFERROR(Upgrades!$K$8*(POWER(Upgrades!$Q$6,E9)*POWER(Upgrades!$Q$7,F9)*POWER(Upgrades!$Q$8,G9)*POWER(Upgrades!$Q$9,H9)*POWER(Upgrades!$Q$10,I9)*POWER(Upgrades!$Q$11,J9)*POWER(Upgrades!$Q$12,K9))*(IF(Upgrades!$T$6="Stellar Coupling",POWER(Upgrades!$U$6,E9),1)*IF(Upgrades!$T$7="Stellar Coupling",POWER(Upgrades!$U$7,F9),1)*IF(Upgrades!$T$9="Stellar Coupling",POWER(Upgrades!$U$9,H9),1)*IF(Upgrades!$T$10="Stellar Coupling",POWER(Upgrades!$U$10,I9),1)*IF(Upgrades!$T$11="Stellar Coupling",POWER(Upgrades!$U$11,J9),1)*IF(Upgrades!$T$12="Stellar Coupling",POWER(Upgrades!$U$12,K9),1))*Parameters!$B$10*Parameters!$B$11/60/AI9,0) -> 0.013528139 | AV9: =IFERROR(Upgrades!$H$9*(POWER(Upgrades!$P$6,E9)*POWER(Upgrades!$P$7,F9)*POWER(Upgrades!$P$8,G9)*POWER(Upgrades!$P$9,H9)*POWER(Upgrades!$P$10,I9)*POWER(Upgrades!$P$11,J9)*POWER(Upgrades!$P$12,K9))*(IF(Upgrades!$T$6="Magnetosphere",POWER(Upgrades!$U$6,E9),1)*IF(Upgrades!$T$7="Magnetosphere",POWER(Upgrades!$U$7,F9),1)*IF(Upgrades!$T$8="Magnetosphere",POWER(Upgrades!$U$8,G9),1)*IF(Upgrades!$T$10="Magnetosphere",POWER(Upgrades!$U$10,I9),1)*IF(Upgrades!$T$11="Magnetosphere",POWER(Upgrades!$U$11,J9),1)*IF(Upgrades!$T$12="Magnetosphere",POWER(Upgrades!$U$12,K9),1))/AJ9,0) -> 0.0125 | AW9: =MAX(IF(I9>0,0,IFERROR(0.25*N9/Upgrades!$C$10,0)),IF(J9>0,0,IFERROR(0.5*((IF(G9=0,0,(Upgrades!$J$8+G9*Upgrades!$K$8)*POWER(Upgrades!$L$8,G9)))*(IF(Upgrades!$T$6="Stellar Coupling",POWER(Upgrades!$U$6,E9),1)*IF(Upgrades!$T$7="Stellar Coupling",POWER(Upgrades!$U$7,F9),1)*IF(Upgrades!$T$9="Stellar Coupling",POWER(Upgrades!$U$9,H9),1)*IF(Upgrades!$T$10="Stellar Coupling",POWER(Upgrades!$U$10,I9),1)*IF(Upgrades!$T$11="Stellar Coupling",POWER(Upgrades!$U$11,J9),1)*IF(Upgrades!$T$12="Stellar Coupling",POWER(Upgrades!$U$12,K9),1))*(POWER(Upgrades!$Q$6,E9)*POWER(Upgrades!$Q$7,F9)*POWER(Upgrades!$Q$8,G9)*POWER(Upgrades!$Q$9,H9)*POWER(Upgrades!$Q$10,I9)*POWER(Upgrades!$Q$11,J9)*POWER(Upgrades!$Q$12,K9))*Parameters!$B$10*Parameters!$B$11/60)/Upgrades!$C$11,0)),IF(K9>0,0,IFERROR((1*(POWER(Upgrades!$P$6,E9)*POWER(Upgrades!$P$7,F9)*POWER(Upgrades!$P$8,G9)*POWER(Upgrades!$P$9,H9)*POWER(Upgrades!$P$10,I9)*POWER(Upgrades!$P$11,J9)*POWER(Upgrades!$P$12,K9))+0.2*M9*Parameters!$B$10*Parameters!$B$11/60)/Upgrades!$C$12,0)),IF(AND(ISNUMBER(AG9),AG9>T9),AS9,0),IF(AND(ISNUMBER(AH9),AH9>T9),AT9,0),IF(AND(ISNUMBER(AI9),AI9>T9),AU9,0),IF(AND(ISNUMBER(AJ9),AJ9>T9),AV9,0)) -> 0.013528139 | AX9: =IF(AN9=1,"transition",IF(MIN(IF(AND(I9=0,ISNUMBER(AK9),AK9<=T9),AK9,9000000000000000),IF(AND(J9=0,ISNUMBER(AL9),AL9<=T9),AL9,9000000000000000),IF(AND(K9=0,ISNUMBER(AM9),AM9<=T9),AM9,9000000000000000))<9000000000000000,IF(AND(AND(I9=0,ISNUMBER(AK9),AK9<=T9),AK9=MIN(IF(AND(I9=0,ISNUMBER(AK9),AK9<=T9),AK9,9000000000000000),IF(AND(J9=0,ISNUMBER(AL9),AL9<=T9),AL9,9000000000000000),IF(AND(K9=0,ISNUMBER(AM9),AM9<=T9),AM9,9000000000000000))),"OR",IF(AND(AND(J9=0,ISNUMBER(AL9),AL9<=T9),AL9=MIN(IF(AND(I9=0,ISNUMBER(AK9),AK9<=T9),AK9,9000000000000000),IF(AND(J9=0,ISNUMBER(AL9),AL9<=T9),AL9,9000000000000000),IF(AND(K9=0,ISNUMBER(AM9),AM9<=T9),AM9,9000000000000000))),"HP","FP")),IF(AR9=TRUE(),"",IF(MAX(IF(AND(NOT(AND(AO9=1,AN9<>1)),ISNUMBER(AG9),AG9<=T9),AS9,0),IF(AND(NOT(AND(AO9=1,AN9<>1)),ISNUMBER(AH9),AH9<=T9),AT9,0),IF(AND(NOT(AND(AO9=1,AN9<>1)),ISNUMBER(AI9),AI9<=T9),AU9,0),IF(AND(ISNUMBER(AJ9),AJ9<=T9),AV9,0))<=0,"",IF(AND(IF(AND(NOT(AND(AO9=1,AN9<>1)),ISNUMBER(AG9),AG9<=T9),AS9,0)>0,IF(AND(NOT(AND(AO9=1,AN9<>1)),ISNUMBER(AG9),AG9<=T9),AS9,0)=MAX(IF(AND(NOT(AND(AO9=1,AN9<>1)),ISNUMBER(AG9),AG9<=T9),AS9,0),IF(AND(NOT(AND(AO9=1,AN9<>1)),ISNUMBER(AH9),AH9<=T9),AT9,0),IF(AND(NOT(AND(AO9=1,AN9<>1)),ISNUMBER(AI9),AI9<=T9),AU9,0),IF(AND(ISNUMBER(AJ9),AJ9<=T9),AV9,0))),"SW",IF(AND(IF(AND(NOT(AND(AO9=1,AN9<>1)),ISNUMBER(AH9),AH9<=T9),AT9,0)>0,IF(AND(NOT(AND(AO9=1,AN9<>1)),ISNUMBER(AH9),AH9<=T9),AT9,0)=MAX(IF(AND(NOT(AND(AO9=1,AN9<>1)),ISNUMBER(AG9),AG9<=T9),AS9,0),IF(AND(NOT(AND(AO9=1,AN9<>1)),ISNUMBER(AH9),AH9<=T9),AT9,0),IF(AND(NOT(AND(AO9=1,AN9<>1)),ISNUMBER(AI9),AI9<=T9),AU9,0),IF(AND(ISNUMBER(AJ9),AJ9<=T9),AV9,0))),"AB",IF(AND(IF(AND(NOT(AND(AO9=1,AN9<>1)),ISNUMBER(AI9),AI9<=T9),AU9,0)>0,IF(AND(NOT(AND(AO9=1,AN9<>1)),ISNUMBER(AI9),AI9<=T9),AU9,0)=MAX(IF(AND(NOT(AND(AO9=1,AN9<>1)),ISNUMBER(AG9),AG9<=T9),AS9,0),IF(AND(NOT(AND(AO9=1,AN9<>1)),ISNUMBER(AH9),AH9<=T9),AT9,0),IF(AND(NOT(AND(AO9=1,AN9<>1)),ISNUMBER(AI9),AI9<=T9),AU9,0),IF(AND(ISNUMBER(AJ9),AJ9<=T9),AV9,0))),"SC","Mag"))))))) -> SW
A10: 5 | B10: =A10*10/60 -> 0.83333333 | C10: =X9 -> 24.366667 | D10: =D9+W9 -> 0 | E10: =E9+IF(U9="SW",1,0) -> 1 | F10: =F9+IF(U9="AB",1,0) -> 0 | G10: =G9+IF(U9="SC",1,0) -> 2 | H10: =H9+IF(U9="Mag",1,0) -> 0 | I10: =MAX(I9,IF(U9="OR",1,0)) -> 0 | J10: =MAX(J9,IF(U9="HP",1,0)) -> 0 | K10: =MAX(K9,IF(U9="FP",1,0)) -> 0 | L10: =MAX(L9,IF(U9="transition",1,0)) -> 0 | M10: =(Parameters!$B$9+(IF(E10=0,0,(Upgrades!$J$6+E10*Upgrades!$K$6)*POWER(Upgrades!$L$6,E10)))*(IF(Upgrades!$T$7="Solar Wind",POWER(Upgrades!$U$7,F10),1)*IF(Upgrades!$T$8="Solar Wind",POWER(Upgrades!$U$8,G10),1)*IF(Upgrades!$T$9="Solar Wind",POWER(Upgrades!$U$9,H10),1)*IF(Upgrades!$T$10="Solar Wind",POWER(Upgrades!$U$10,I10),1)*IF(Upgrades!$T$11="Solar Wind",POWER(Upgrades!$U$11,J10),1)*IF(Upgrades!$T$12="Solar Wind",POWER(Upgrades!$U$12,K10),1))+(IF(F10=0,0,(Upgrades!$J$7+F10*Upgrades!$K$7)*POWER(Upgrades!$L$7,F10)))*(IF(Upgrades!$T$6="Asteroid Belt",POWER(Upgrades!$U$6,E10),1)*IF(Upgrades!$T$8="Asteroid Belt",POWER(Upgrades!$U$8,G10),1)*IF(Upgrades!$T$9="Asteroid Belt",POWER(Upgrades!$U$9,H10),1)*IF(Upgrades!$T$10="Asteroid Belt",POWER(Upgrades!$U$10,I10),1)*IF(Upgrades!$T$11="Asteroid Belt",POWER(Upgrades!$U$11,J10),1)*IF(Upgrades!$T$12="Asteroid Belt",POWER(Upgrades!$U$12,K10),1))+(IF(G10=0,0,(Upgrades!$J$8+G10*Upgrades!$K$8)*POWER(Upgrades!$L$8,G10)))*(IF(Upgrades!$T$6="Stellar Coupling",POWER(Upgrades!$U$6,E10),1)*IF(Upgrades!$T$7="Stellar Coupling",POWER(Upgrades!$U$7,F10),1)*IF(Upgrades!$T$9="Stellar Coupling",POWER(Upgrades!$U$9,H10),1)*IF(Upgrades!$T$10="Stellar Coupling",POWER(Upgrades!$U$10,I10),1)*IF(Upgrades!$T$11="Stellar Coupling",POWER(Upgrades!$U$11,J10),1)*IF(Upgrades!$T$12="Stellar Coupling",POWER(Upgrades!$U$12,K10),1))+(IF(H10=0,0,(Upgrades!$J$9+H10*Upgrades!$K$9)*POWER(Upgrades!$L$9,H10)))*(IF(Upgrades!$T$6="Magnetosphere",POWER(Upgrades!$U$6,E10),1)*IF(Upgrades!$T$7="Magnetosphere",POWER(Upgrades!$U$7,F10),1)*IF(Upgrades!$T$8="Magnetosphere",POWER(Upgrades!$U$8,G10),1)*IF(Upgrades!$T$10="Magnetosphere",POWER(Upgrades!$U$10,I10),1)*IF(Upgrades!$T$11="Magnetosphere",POWER(Upgrades!$U$11,J10),1)*IF(Upgrades!$T$12="Magnetosphere",POWER(Upgrades!$U$12,K10),1))+(IF(I10=0,0,(Upgrades!$J$10+I10*Upgrades!$K$10)*POWER(Upgrades!$L$10,I10)))*(IF(Upgrades!$T$6="Orbital Resonance",POWER(Upgrades!$U$6,E10),1)*IF(Upgrades!$T$7="Orbital Resonance",POWER(Upgrades!$U$7,F10),1)*IF(Upgrades!$T$8="Orbital Resonance",POWER(Upgrades!$U$8,G10),1)*IF(Upgrades!$T$9="Orbital Resonance",POWER(Upgrades!$U$9,H10),1)*IF(Upgrades!$T$11="Orbital Resonance",POWER(Upgrades!$U$11,J10),1)*IF(Upgrades!$T$12="Orbital Resonance",POWER(Upgrades!$U$12,K10),1))+(IF(J10=0,0,(Upgrades!$J$11+J10*Upgrades!$K$11)*POWER(Upgrades!$L$11,J10)))*(IF(Upgrades!$T$6="Heliopause",POWER(Upgrades!$U$6,E10),1)*IF(Upgrades!$T$7="Heliopause",POWER(Upgrades!$U$7,F10),1)*IF(Upgrades!$T$8="Heliopause",POWER(Upgrades!$U$8,G10),1)*IF(Upgrades!$T$9="Heliopause",POWER(Upgrades!$U$9,H10),1)*IF(Upgrades!$T$10="Heliopause",POWER(Upgrades!$U$10,I10),1)*IF(Upgrades!$T$12="Heliopause",POWER(Upgrades!$U$12,K10),1))+(IF(K10=0,0,(Upgrades!$J$12+K10*Upgrades!$K$12)*POWER(Upgrades!$L$12,K10)))*(IF(Upgrades!$T$6="First Photons",POWER(Upgrades!$U$6,E10),1)*IF(Upgrades!$T$7="First Photons",POWER(Upgrades!$U$7,F10),1)*IF(Upgrades!$T$8="First Photons",POWER(Upgrades!$U$8,G10),1)*IF(Upgrades!$T$9="First Photons",POWER(Upgrades!$U$9,H10),1)*IF(Upgrades!$T$10="First Photons",POWER(Upgrades!$U$10,I10),1)*IF(Upgrades!$T$11="First Photons",POWER(Upgrades!$U$11,J10),1)))*POWER(Upgrades!$Q$6,E10)*POWER(Upgrades!$Q$7,F10)*POWER(Upgrades!$Q$8,G10)*POWER(Upgrades!$Q$9,H10)*POWER(Upgrades!$Q$10,I10)*POWER(Upgrades!$Q$11,J10)*POWER(Upgrades!$Q$12,K10) -> 1.7 | N10: =((IF(E10=0,0,(Upgrades!$G$6+E10*Upgrades!$H$6)*POWER(Upgrades!$I$6,E10)))*(IF(Upgrades!$T$7="Solar Wind",POWER(Upgrades!$U$7,F10),1)*IF(Upgrades!$T$8="Solar Wind",POWER(Upgrades!$U$8,G10),1)*IF(Upgrades!$T$9="Solar Wind",POWER(Upgrades!$U$9,H10),1)*IF(Upgrades!$T$10="Solar Wind",POWER(Upgrades!$U$10,I10),1)*IF(Upgrades!$T$11="Solar Wind",POWER(Upgrades!$U$11,J10),1)*IF(Upgrades!$T$12="Solar Wind",POWER(Upgrades!$U$12,K10),1))+(IF(F10=0,0,(Upgrades!$G$7+F10*Upgrades!$H$7)*POWER(Upgrades!$I$7,F10)))*(IF(Upgrades!$T$6="Asteroid Belt",POWER(Upgrades!$U$6,E10),1)*IF(Upgrades!$T$8="Asteroid Belt",POWER(Upgrades!$U$8,G10),1)*IF(Upgrades!$T$9="Asteroid Belt",POWER(Upgrades!$U$9,H10),1)*IF(Upgrades!$T$10="Asteroid Belt",POWER(Upgrades!$U$10,I10),1)*IF(Upgrades!$T$11="Asteroid Belt",POWER(Upgrades!$U$11,J10),1)*IF(Upgrades!$T$12="Asteroid Belt",POWER(Upgrades!$U$12,K10),1))+(IF(G10=0,0,(Upgrades!$G$8+G10*Upgrades!$H$8)*POWER(Upgrades!$I$8,G10)))*(IF(Upgrades!$T$6="Stellar Coupling",POWER(Upgrades!$U$6,E10),1)*IF(Upgrades!$T$7="Stellar Coupling",POWER(Upgrades!$U$7,F10),1)*IF(Upgrades!$T$9="Stellar Coupling",POWER(Upgrades!$U$9,H10),1)*IF(Upgrades!$T$10="Stellar Coupling",POWER(Upgrades!$U$10,I10),1)*IF(Upgrades!$T$11="Stellar Coupling",POWER(Upgrades!$U$11,J10),1)*IF(Upgrades!$T$12="Stellar Coupling",POWER(Upgrades!$U$12,K10),1))+(IF(H10=0,0,(Upgrades!$G$9+H10*Upgrades!$H$9)*POWER(Upgrades!$I$9,H10)))*(IF(Upgrades!$T$6="Magnetosphere",POWER(Upgrades!$U$6,E10),1)*IF(Upgrades!$T$7="Magnetosphere",POWER(Upgrades!$U$7,F10),1)*IF(Upgrades!$T$8="Magnetosphere",POWER(Upgrades!$U$8,G10),1)*IF(Upgrades!$T$10="Magnetosphere",POWER(Upgrades!$U$10,I10),1)*IF(Upgrades!$T$11="Magnetosphere",POWER(Upgrades!$U$11,J10),1)*IF(Upgrades!$T$12="Magnetosphere",POWER(Upgrades!$U$12,K10),1))+(IF(I10=0,0,(Upgrades!$G$10+I10*Upgrades!$H$10)*POWER(Upgrades!$I$10,I10)))*(IF(Upgrades!$T$6="Orbital Resonance",POWER(Upgrades!$U$6,E10),1)*IF(Upgrades!$T$7="Orbital Resonance",POWER(Upgrades!$U$7,F10),1)*IF(Upgrades!$T$8="Orbital Resonance",POWER(Upgrades!$U$8,G10),1)*IF(Upgrades!$T$9="Orbital Resonance",POWER(Upgrades!$U$9,H10),1)*IF(Upgrades!$T$11="Orbital Resonance",POWER(Upgrades!$U$11,J10),1)*IF(Upgrades!$T$12="Orbital Resonance",POWER(Upgrades!$U$12,K10),1))+(IF(J10=0,0,(Upgrades!$G$11+J10*Upgrades!$H$11)*POWER(Upgrades!$I$11,J10)))*(IF(Upgrades!$T$6="Heliopause",POWER(Upgrades!$U$6,E10),1)*IF(Upgrades!$T$7="Heliopause",POWER(Upgrades!$U$7,F10),1)*IF(Upgrades!$T$8="Heliopause",POWER(Upgrades!$U$8,G10),1)*IF(Upgrades!$T$9="Heliopause",POWER(Upgrades!$U$9,H10),1)*IF(Upgrades!$T$10="Heliopause",POWER(Upgrades!$U$10,I10),1)*IF(Upgrades!$T$12="Heliopause",POWER(Upgrades!$U$12,K10),1))+(IF(K10=0,0,(Upgrades!$G$12+K10*Upgrades!$H$12)*POWER(Upgrades!$I$12,K10)))*(IF(Upgrades!$T$6="First Photons",POWER(Upgrades!$U$6,E10),1)*IF(Upgrades!$T$7="First Photons",POWER(Upgrades!$U$7,F10),1)*IF(Upgrades!$T$8="First Photons",POWER(Upgrades!$U$8,G10),1)*IF(Upgrades!$T$9="First Photons",POWER(Upgrades!$U$9,H10),1)*IF(Upgrades!$T$10="First Photons",POWER(Upgrades!$U$10,I10),1)*IF(Upgrades!$T$11="First Photons",POWER(Upgrades!$U$11,J10),1)))*POWER(Upgrades!$P$6,E10)*POWER(Upgrades!$P$7,F10)*POWER(Upgrades!$P$8,G10)*POWER(Upgrades!$P$9,H10)*POWER(Upgrades!$P$10,I10)*POWER(Upgrades!$P$11,J10)*POWER(Upgrades!$P$12,K10) -> 0.08 | O10: =((IF(E10=0,0,(Upgrades!$M$6+E10*Upgrades!$N$6)*POWER(Upgrades!$O$6,E10)))*(IF(Upgrades!$T$7="Solar Wind",POWER(Upgrades!$U$7,F10),1)*IF(Upgrades!$T$8="Solar Wind",POWER(Upgrades!$U$8,G10),1)*IF(Upgrades!$T$9="Solar Wind",POWER(Upgrades!$U$9,H10),1)*IF(Upgrades!$T$10="Solar Wind",POWER(Upgrades!$U$10,I10),1)*IF(Upgrades!$T$11="Solar Wind",POWER(Upgrades!$U$11,J10),1)*IF(Upgrades!$T$12="Solar Wind",POWER(Upgrades!$U$12,K10),1))+(IF(F10=0,0,(Upgrades!$M$7+F10*Upgrades!$N$7)*POWER(Upgrades!$O$7,F10)))*(IF(Upgrades!$T$6="Asteroid Belt",POWER(Upgrades!$U$6,E10),1)*IF(Upgrades!$T$8="Asteroid Belt",POWER(Upgrades!$U$8,G10),1)*IF(Upgrades!$T$9="Asteroid Belt",POWER(Upgrades!$U$9,H10),1)*IF(Upgrades!$T$10="Asteroid Belt",POWER(Upgrades!$U$10,I10),1)*IF(Upgrades!$T$11="Asteroid Belt",POWER(Upgrades!$U$11,J10),1)*IF(Upgrades!$T$12="Asteroid Belt",POWER(Upgrades!$U$12,K10),1))+(IF(G10=0,0,(Upgrades!$M$8+G10*Upgrades!$N$8)*POWER(Upgrades!$O$8,G10)))*(IF(Upgrades!$T$6="Stellar Coupling",POWER(Upgrades!$U$6,E10),1)*IF(Upgrades!$T$7="Stellar Coupling",POWER(Upgrades!$U$7,F10),1)*IF(Upgrades!$T$9="Stellar Coupling",POWER(Upgrades!$U$9,H10),1)*IF(Upgrades!$T$10="Stellar Coupling",POWER(Upgrades!$U$10,I10),1)*IF(Upgrades!$T$11="Stellar Coupling",POWER(Upgrades!$U$11,J10),1)*IF(Upgrades!$T$12="Stellar Coupling",POWER(Upgrades!$U$12,K10),1))+(IF(H10=0,0,(Upgrades!$M$9+H10*Upgrades!$N$9)*POWER(Upgrades!$O$9,H10)))*(IF(Upgrades!$T$6="Magnetosphere",POWER(Upgrades!$U$6,E10),1)*IF(Upgrades!$T$7="Magnetosphere",POWER(Upgrades!$U$7,F10),1)*IF(Upgrades!$T$8="Magnetosphere",POWER(Upgrades!$U$8,G10),1)*IF(Upgrades!$T$10="Magnetosphere",POWER(Upgrades!$U$10,I10),1)*IF(Upgrades!$T$11="Magnetosphere",POWER(Upgrades!$U$11,J10),1)*IF(Upgrades!$T$12="Magnetosphere",POWER(Upgrades!$U$12,K10),1))+(IF(I10=0,0,(Upgrades!$M$10+I10*Upgrades!$N$10)*POWER(Upgrades!$O$10,I10)))*(IF(Upgrades!$T$6="Orbital Resonance",POWER(Upgrades!$U$6,E10),1)*IF(Upgrades!$T$7="Orbital Resonance",POWER(Upgrades!$U$7,F10),1)*IF(Upgrades!$T$8="Orbital Resonance",POWER(Upgrades!$U$8,G10),1)*IF(Upgrades!$T$9="Orbital Resonance",POWER(Upgrades!$U$9,H10),1)*IF(Upgrades!$T$11="Orbital Resonance",POWER(Upgrades!$U$11,J10),1)*IF(Upgrades!$T$12="Orbital Resonance",POWER(Upgrades!$U$12,K10),1))+(IF(J10=0,0,(Upgrades!$M$11+J10*Upgrades!$N$11)*POWER(Upgrades!$O$11,J10)))*(IF(Upgrades!$T$6="Heliopause",POWER(Upgrades!$U$6,E10),1)*IF(Upgrades!$T$7="Heliopause",POWER(Upgrades!$U$7,F10),1)*IF(Upgrades!$T$8="Heliopause",POWER(Upgrades!$U$8,G10),1)*IF(Upgrades!$T$9="Heliopause",POWER(Upgrades!$U$9,H10),1)*IF(Upgrades!$T$10="Heliopause",POWER(Upgrades!$U$10,I10),1)*IF(Upgrades!$T$12="Heliopause",POWER(Upgrades!$U$12,K10),1))+(IF(K10=0,0,(Upgrades!$M$12+K10*Upgrades!$N$12)*POWER(Upgrades!$O$12,K10)))*(IF(Upgrades!$T$6="First Photons",POWER(Upgrades!$U$6,E10),1)*IF(Upgrades!$T$7="First Photons",POWER(Upgrades!$U$7,F10),1)*IF(Upgrades!$T$8="First Photons",POWER(Upgrades!$U$8,G10),1)*IF(Upgrades!$T$9="First Photons",POWER(Upgrades!$U$9,H10),1)*IF(Upgrades!$T$10="First Photons",POWER(Upgrades!$U$10,I10),1)*IF(Upgrades!$T$11="First Photons",POWER(Upgrades!$U$11,J10),1)))*POWER(Upgrades!$R$6,E10)*POWER(Upgrades!$R$7,F10)*POWER(Upgrades!$R$8,G10)*POWER(Upgrades!$R$9,H10)*POWER(Upgrades!$R$10,I10)*POWER(Upgrades!$R$11,J10)*POWER(Upgrades!$R$12,K10) -> 0 | P10: =IF(L10=1,0,M10*Parameters!$B$10/60*Parameters!$B$11*10) -> 28.333333 | Q10: =IF(L10=1,0,O10*M10*10) -> 0 | R10: =IF(L10=1,0,N10*10) -> 0.8 | S10: =P10+Q10+R10 -> 29.133333 | T10: =C10+S10 -> 53.5 | U10: =AX10 -> SC | V10: =IF(U10="",0,IF(U10="transition",0,IF(U10="SW",AG10,IF(U10="AB",AH10,IF(U10="SC",AI10,IF(U10="Mag",AJ10,IF(U10="OR",AK10,IF(U10="HP",AL10,IF(U10="FP",AM10,0))))))))) -> 43.12 | W10: =IF(U10="OR",Upgrades!$F$10,IF(U10="HP",Upgrades!$F$11,IF(U10="transition",-Parameters!$B$18,0))) -> 0 | X10: =T10-V10 -> 10.38 | Y10: =M10*Parameters!$B$10/60*Parameters!$B$11+O10*M10+N10 -> 2.9133333 | Z10: =IF(U10="transition","→ Tier 2 (Stellar Neighborhood)",IF(U10="FP","First Photons — light begins, system quickens",IF(U10="HP","Heliopause acquired",IF(U10="OR","Orbital Resonance — passive multiplier active",IF(AND(AO10=1,L10=0,AN10<>1),"Cohesion ready (waiting on completionist upgrades)",""))))) | AA10: =(IF(E10=0,0,(Upgrades!$G$6+E10*Upgrades!$H$6)*POWER(Upgrades!$I$6,E10)))*(IF(Upgrades!$T$7="Solar Wind",POWER(Upgrades!$U$7,F10),1)*IF(Upgrades!$T$8="Solar Wind",POWER(Upgrades!$U$8,G10),1)*IF(Upgrades!$T$9="Solar Wind",POWER(Upgrades!$U$9,H10),1)*IF(Upgrades!$T$10="Solar Wind",POWER(Upgrades!$U$10,I10),1)*IF(Upgrades!$T$11="Solar Wind",POWER(Upgrades!$U$11,J10),1)*IF(Upgrades!$T$12="Solar Wind",POWER(Upgrades!$U$12,K10),1))*POWER(Upgrades!$P$6,E10)*POWER(Upgrades!$P$7,F10)*POWER(Upgrades!$P$8,G10)*POWER(Upgrades!$P$9,H10)*POWER(Upgrades!$P$10,I10)*POWER(Upgrades!$P$11,J10)*POWER(Upgrades!$P$12,K10)*60 -> 4.8 | AB10: =(IF(F10=0,0,(Upgrades!$G$7+F10*Upgrades!$H$7)*POWER(Upgrades!$I$7,F10)))*(IF(Upgrades!$T$6="Asteroid Belt",POWER(Upgrades!$U$6,E10),1)*IF(Upgrades!$T$8="Asteroid Belt",POWER(Upgrades!$U$8,G10),1)*IF(Upgrades!$T$9="Asteroid Belt",POWER(Upgrades!$U$9,H10),1)*IF(Upgrades!$T$10="Asteroid Belt",POWER(Upgrades!$U$10,I10),1)*IF(Upgrades!$T$11="Asteroid Belt",POWER(Upgrades!$U$11,J10),1)*IF(Upgrades!$T$12="Asteroid Belt",POWER(Upgrades!$U$12,K10),1))*POWER(Upgrades!$P$6,E10)*POWER(Upgrades!$P$7,F10)*POWER(Upgrades!$P$8,G10)*POWER(Upgrades!$P$9,H10)*POWER(Upgrades!$P$10,I10)*POWER(Upgrades!$P$11,J10)*POWER(Upgrades!$P$12,K10)*60 -> 0 | AC10: =(IF(G10=0,0,(Upgrades!$J$8+G10*Upgrades!$K$8)*POWER(Upgrades!$L$8,G10)))*(IF(Upgrades!$T$6="Stellar Coupling",POWER(Upgrades!$U$6,E10),1)*IF(Upgrades!$T$7="Stellar Coupling",POWER(Upgrades!$U$7,F10),1)*IF(Upgrades!$T$9="Stellar Coupling",POWER(Upgrades!$U$9,H10),1)*IF(Upgrades!$T$10="Stellar Coupling",POWER(Upgrades!$U$10,I10),1)*IF(Upgrades!$T$11="Stellar Coupling",POWER(Upgrades!$U$11,J10),1)*IF(Upgrades!$T$12="Stellar Coupling",POWER(Upgrades!$U$12,K10),1))*POWER(Upgrades!$Q$6,E10)*POWER(Upgrades!$Q$7,F10)*POWER(Upgrades!$Q$8,G10)*POWER(Upgrades!$Q$9,H10)*POWER(Upgrades!$Q$10,I10)*POWER(Upgrades!$Q$11,J10)*POWER(Upgrades!$Q$12,K10)*Parameters!$B$10*Parameters!$B$11 -> 70 | AD10: =(IF(H10=0,0,(Upgrades!$G$9+H10*Upgrades!$H$9)*POWER(Upgrades!$I$9,H10)))*(IF(Upgrades!$T$6="Magnetosphere",POWER(Upgrades!$U$6,E10),1)*IF(Upgrades!$T$7="Magnetosphere",POWER(Upgrades!$U$7,F10),1)*IF(Upgrades!$T$8="Magnetosphere",POWER(Upgrades!$U$8,G10),1)*IF(Upgrades!$T$10="Magnetosphere",POWER(Upgrades!$U$10,I10),1)*IF(Upgrades!$T$11="Magnetosphere",POWER(Upgrades!$U$11,J10),1)*IF(Upgrades!$T$12="Magnetosphere",POWER(Upgrades!$U$12,K10),1))*POWER(Upgrades!$P$6,E10)*POWER(Upgrades!$P$7,F10)*POWER(Upgrades!$P$8,G10)*POWER(Upgrades!$P$9,H10)*POWER(Upgrades!$P$10,I10)*POWER(Upgrades!$P$11,J10)*POWER(Upgrades!$P$12,K10)*60 -> 0 | AE10: =(IF(K10=0,0,(Upgrades!$G$12+K10*Upgrades!$H$12)*POWER(Upgrades!$I$12,K10)))*(IF(Upgrades!$T$6="First Photons",POWER(Upgrades!$U$6,E10),1)*IF(Upgrades!$T$7="First Photons",POWER(Upgrades!$U$7,F10),1)*IF(Upgrades!$T$8="First Photons",POWER(Upgrades!$U$8,G10),1)*IF(Upgrades!$T$9="First Photons",POWER(Upgrades!$U$9,H10),1)*IF(Upgrades!$T$10="First Photons",POWER(Upgrades!$U$10,I10),1)*IF(Upgrades!$T$11="First Photons",POWER(Upgrades!$U$11,J10),1))*POWER(Upgrades!$P$6,E10)*POWER(Upgrades!$P$7,F10)*POWER(Upgrades!$P$8,G10)*POWER(Upgrades!$P$9,H10)*POWER(Upgrades!$P$10,I10)*POWER(Upgrades!$P$11,J10)*POWER(Upgrades!$P$12,K10)*60 -> 0 | AF10: =Parameters!$B$9*POWER(Upgrades!$Q$6,E10)*POWER(Upgrades!$Q$7,F10)*POWER(Upgrades!$Q$8,G10)*POWER(Upgrades!$Q$9,H10)*POWER(Upgrades!$Q$10,I10)*POWER(Upgrades!$Q$11,J10)*POWER(Upgrades!$Q$12,K10)*(Parameters!$B$10*Parameters!$B$11+O10*60) -> 100 | AG10: =IF(E10>=Upgrades!$E$6,"",Upgrades!$C$6*POWER(Upgrades!$D$6,E10)) -> 8.05 | AH10: =IF(F10>=Upgrades!$E$7,"",Upgrades!$C$7*POWER(Upgrades!$D$7,F10)) -> 20 | AI10: =IF(G10>=Upgrades!$E$8,"",Upgrades!$C$8*POWER(Upgrades!$D$8,G10)) -> 43.12 | AJ10: =IF(H10>=Upgrades!$E$9,"",Upgrades!$C$9*POWER(Upgrades!$D$9,H10)) -> 80 | AK10: =IF(I10>=Upgrades!$E$10,"",Upgrades!$C$10*POWER(Upgrades!$D$10,I10)) -> 240 | AL10: =IF(J10>=Upgrades!$E$11,"",Upgrades!$C$11*POWER(Upgrades!$D$11,J10)) -> 575 | AM10: =IF(K10>=Upgrades!$E$12,"",Upgrades!$C$12*POWER(Upgrades!$D$12,K10)) -> 850 | AN10: =IF(AND(D10>=Parameters!$B$18,(H10>=Upgrades!$E$9)*(K10>=Upgrades!$E$12)=1,L10=0),1,"") | AO10: =IF(AND(D10>=Parameters!$B$18,L10=0),1,"") | AP10: =MIN(IF(ISNUMBER(AK10),AK10,9000000000000000),IF(ISNUMBER(AL10),AL10,9000000000000000),IF(ISNUMBER(AM10),AM10,9000000000000000)) -> 240 | AQ10: =MIN(IF(ISNUMBER(AG10),AG10,9000000000000000),IF(ISNUMBER(AH10),AH10,9000000000000000),IF(ISNUMBER(AI10),AI10,9000000000000000),IF(ISNUMBER(AJ10),AJ10,9000000000000000)) -> 8.05 | AR10: =IF(AW10>Parameters!$B$21*(MAX(IF(AND(NOT(AND(AO10=1,AN10<>1)),ISNUMBER(AG10),AG10<=T10),AS10,0),IF(AND(NOT(AND(AO10=1,AN10<>1)),ISNUMBER(AH10),AH10<=T10),AT10,0),IF(AND(NOT(AND(AO10=1,AN10<>1)),ISNUMBER(AI10),AI10<=T10),AU10,0),IF(AND(ISNUMBER(AJ10),AJ10<=T10),AV10,0))),TRUE(),FALSE()) -> FALSE | AS10: =IFERROR(Upgrades!$H$6*(POWER(Upgrades!$P$6,E10)*POWER(Upgrades!$P$7,F10)*POWER(Upgrades!$P$8,G10)*POWER(Upgrades!$P$9,H10)*POWER(Upgrades!$P$10,I10)*POWER(Upgrades!$P$11,J10)*POWER(Upgrades!$P$12,K10))*(IF(Upgrades!$T$7="Solar Wind",POWER(Upgrades!$U$7,F10),1)*IF(Upgrades!$T$8="Solar Wind",POWER(Upgrades!$U$8,G10),1)*IF(Upgrades!$T$9="Solar Wind",POWER(Upgrades!$U$9,H10),1)*IF(Upgrades!$T$10="Solar Wind",POWER(Upgrades!$U$10,I10),1)*IF(Upgrades!$T$11="Solar Wind",POWER(Upgrades!$U$11,J10),1)*IF(Upgrades!$T$12="Solar Wind",POWER(Upgrades!$U$12,K10),1))/AG10,0) -> 0.0099378882 | AT10: =IFERROR(Upgrades!$H$7*(POWER(Upgrades!$P$6,E10)*POWER(Upgrades!$P$7,F10)*POWER(Upgrades!$P$8,G10)*POWER(Upgrades!$P$9,H10)*POWER(Upgrades!$P$10,I10)*POWER(Upgrades!$P$11,J10)*POWER(Upgrades!$P$12,K10))*(IF(Upgrades!$T$6="Asteroid Belt",POWER(Upgrades!$U$6,E10),1)*IF(Upgrades!$T$8="Asteroid Belt",POWER(Upgrades!$U$8,G10),1)*IF(Upgrades!$T$9="Asteroid Belt",POWER(Upgrades!$U$9,H10),1)*IF(Upgrades!$T$10="Asteroid Belt",POWER(Upgrades!$U$10,I10),1)*IF(Upgrades!$T$11="Asteroid Belt",POWER(Upgrades!$U$11,J10),1)*IF(Upgrades!$T$12="Asteroid Belt",POWER(Upgrades!$U$12,K10),1))/AH10,0) -> 0.01 | AU10: =IFERROR(Upgrades!$K$8*(POWER(Upgrades!$Q$6,E10)*POWER(Upgrades!$Q$7,F10)*POWER(Upgrades!$Q$8,G10)*POWER(Upgrades!$Q$9,H10)*POWER(Upgrades!$Q$10,I10)*POWER(Upgrades!$Q$11,J10)*POWER(Upgrades!$Q$12,K10))*(IF(Upgrades!$T$6="Stellar Coupling",POWER(Upgrades!$U$6,E10),1)*IF(Upgrades!$T$7="Stellar Coupling",POWER(Upgrades!$U$7,F10),1)*IF(Upgrades!$T$9="Stellar Coupling",POWER(Upgrades!$U$9,H10),1)*IF(Upgrades!$T$10="Stellar Coupling",POWER(Upgrades!$U$10,I10),1)*IF(Upgrades!$T$11="Stellar Coupling",POWER(Upgrades!$U$11,J10),1)*IF(Upgrades!$T$12="Stellar Coupling",POWER(Upgrades!$U$12,K10),1))*Parameters!$B$10*Parameters!$B$11/60/AI10,0) -> 0.013528139 | AV10: =IFERROR(Upgrades!$H$9*(POWER(Upgrades!$P$6,E10)*POWER(Upgrades!$P$7,F10)*POWER(Upgrades!$P$8,G10)*POWER(Upgrades!$P$9,H10)*POWER(Upgrades!$P$10,I10)*POWER(Upgrades!$P$11,J10)*POWER(Upgrades!$P$12,K10))*(IF(Upgrades!$T$6="Magnetosphere",POWER(Upgrades!$U$6,E10),1)*IF(Upgrades!$T$7="Magnetosphere",POWER(Upgrades!$U$7,F10),1)*IF(Upgrades!$T$8="Magnetosphere",POWER(Upgrades!$U$8,G10),1)*IF(Upgrades!$T$10="Magnetosphere",POWER(Upgrades!$U$10,I10),1)*IF(Upgrades!$T$11="Magnetosphere",POWER(Upgrades!$U$11,J10),1)*IF(Upgrades!$T$12="Magnetosphere",POWER(Upgrades!$U$12,K10),1))/AJ10,0) -> 0.0125 | AW10: =MAX(IF(I10>0,0,IFERROR(0.25*N10/Upgrades!$C$10,0)),IF(J10>0,0,IFERROR(0.5*((IF(G10=0,0,(Upgrades!$J$8+G10*Upgrades!$K$8)*POWER(Upgrades!$L$8,G10)))*(IF(Upgrades!$T$6="Stellar Coupling",POWER(Upgrades!$U$6,E10),1)*IF(Upgrades!$T$7="Stellar Coupling",POWER(Upgrades!$U$7,F10),1)*IF(Upgrades!$T$9="Stellar Coupling",POWER(Upgrades!$U$9,H10),1)*IF(Upgrades!$T$10="Stellar Coupling",POWER(Upgrades!$U$10,I10),1)*IF(Upgrades!$T$11="Stellar Coupling",POWER(Upgrades!$U$11,J10),1)*IF(Upgrades!$T$12="Stellar Coupling",POWER(Upgrades!$U$12,K10),1))*(POWER(Upgrades!$Q$6,E10)*POWER(Upgrades!$Q$7,F10)*POWER(Upgrades!$Q$8,G10)*POWER(Upgrades!$Q$9,H10)*POWER(Upgrades!$Q$10,I10)*POWER(Upgrades!$Q$11,J10)*POWER(Upgrades!$Q$12,K10))*Parameters!$B$10*Parameters!$B$11/60)/Upgrades!$C$11,0)),IF(K10>0,0,IFERROR((1*(POWER(Upgrades!$P$6,E10)*POWER(Upgrades!$P$7,F10)*POWER(Upgrades!$P$8,G10)*POWER(Upgrades!$P$9,H10)*POWER(Upgrades!$P$10,I10)*POWER(Upgrades!$P$11,J10)*POWER(Upgrades!$P$12,K10))+0.2*M10*Parameters!$B$10*Parameters!$B$11/60)/Upgrades!$C$12,0)),IF(AND(ISNUMBER(AG10),AG10>T10),AS10,0),IF(AND(ISNUMBER(AH10),AH10>T10),AT10,0),IF(AND(ISNUMBER(AI10),AI10>T10),AU10,0),IF(AND(ISNUMBER(AJ10),AJ10>T10),AV10,0)) -> 0.0125 | AX10: =IF(AN10=1,"transition",IF(MIN(IF(AND(I10=0,ISNUMBER(AK10),AK10<=T10),AK10,9000000000000000),IF(AND(J10=0,ISNUMBER(AL10),AL10<=T10),AL10,9000000000000000),IF(AND(K10=0,ISNUMBER(AM10),AM10<=T10),AM10,9000000000000000))<9000000000000000,IF(AND(AND(I10=0,ISNUMBER(AK10),AK10<=T10),AK10=MIN(IF(AND(I10=0,ISNUMBER(AK10),AK10<=T10),AK10,9000000000000000),IF(AND(J10=0,ISNUMBER(AL10),AL10<=T10),AL10,9000000000000000),IF(AND(K10=0,ISNUMBER(AM10),AM10<=T10),AM10,9000000000000000))),"OR",IF(AND(AND(J10=0,ISNUMBER(AL10),AL10<=T10),AL10=MIN(IF(AND(I10=0,ISNUMBER(AK10),AK10<=T10),AK10,9000000000000000),IF(AND(J10=0,ISNUMBER(AL10),AL10<=T10),AL10,9000000000000000),IF(AND(K10=0,ISNUMBER(AM10),AM10<=T10),AM10,9000000000000000))),"HP","FP")),IF(AR10=TRUE(),"",IF(MAX(IF(AND(NOT(AND(AO10=1,AN10<>1)),ISNUMBER(AG10),AG10<=T10),AS10,0),IF(AND(NOT(AND(AO10=1,AN10<>1)),ISNUMBER(AH10),AH10<=T10),AT10,0),IF(AND(NOT(AND(AO10=1,AN10<>1)),ISNUMBER(AI10),AI10<=T10),AU10,0),IF(AND(ISNUMBER(AJ10),AJ10<=T10),AV10,0))<=0,"",IF(AND(IF(AND(NOT(AND(AO10=1,AN10<>1)),ISNUMBER(AG10),AG10<=T10),AS10,0)>0,IF(AND(NOT(AND(AO10=1,AN10<>1)),ISNUMBER(AG10),AG10<=T10),AS10,0)=MAX(IF(AND(NOT(AND(AO10=1,AN10<>1)),ISNUMBER(AG10),AG10<=T10),AS10,0),IF(AND(NOT(AND(AO10=1,AN10<>1)),ISNUMBER(AH10),AH10<=T10),AT10,0),IF(AND(NOT(AND(AO10=1,AN10<>1)),ISNUMBER(AI10),AI10<=T10),AU10,0),IF(AND(ISNUMBER(AJ10),AJ10<=T10),AV10,0))),"SW",IF(AND(IF(AND(NOT(AND(AO10=1,AN10<>1)),ISNUMBER(AH10),AH10<=T10),AT10,0)>0,IF(AND(NOT(AND(AO10=1,AN10<>1)),ISNUMBER(AH10),AH10<=T10),AT10,0)=MAX(IF(AND(NOT(AND(AO10=1,AN10<>1)),ISNUMBER(AG10),AG10<=T10),AS10,0),IF(AND(NOT(AND(AO10=1,AN10<>1)),ISNUMBER(AH10),AH10<=T10),AT10,0),IF(AND(NOT(AND(AO10=1,AN10<>1)),ISNUMBER(AI10),AI10<=T10),AU10,0),IF(AND(ISNUMBER(AJ10),AJ10<=T10),AV10,0))),"AB",IF(AND(IF(AND(NOT(AND(AO10=1,AN10<>1)),ISNUMBER(AI10),AI10<=T10),AU10,0)>0,IF(AND(NOT(AND(AO10=1,AN10<>1)),ISNUMBER(AI10),AI10<=T10),AU10,0)=MAX(IF(AND(NOT(AND(AO10=1,AN10<>1)),ISNUMBER(AG10),AG10<=T10),AS10,0),IF(AND(NOT(AND(AO10=1,AN10<>1)),ISNUMBER(AH10),AH10<=T10),AT10,0),IF(AND(NOT(AND(AO10=1,AN10<>1)),ISNUMBER(AI10),AI10<=T10),AU10,0),IF(AND(ISNUMBER(AJ10),AJ10<=T10),AV10,0))),"SC","Mag"))))))) -> SC
A11: 6 | B11: =A11*10/60 -> 1 | C11: =X10 -> 10.38 | D11: =D10+W10 -> 0 | E11: =E10+IF(U10="SW",1,0) -> 1 | F11: =F10+IF(U10="AB",1,0) -> 0 | G11: =G10+IF(U10="SC",1,0) -> 3 | H11: =H10+IF(U10="Mag",1,0) -> 0 | I11: =MAX(I10,IF(U10="OR",1,0)) -> 0 | J11: =MAX(J10,IF(U10="HP",1,0)) -> 0 | K11: =MAX(K10,IF(U10="FP",1,0)) -> 0 | L11: =MAX(L10,IF(U10="transition",1,0)) -> 0 | M11: =(Parameters!$B$9+(IF(E11=0,0,(Upgrades!$J$6+E11*Upgrades!$K$6)*POWER(Upgrades!$L$6,E11)))*(IF(Upgrades!$T$7="Solar Wind",POWER(Upgrades!$U$7,F11),1)*IF(Upgrades!$T$8="Solar Wind",POWER(Upgrades!$U$8,G11),1)*IF(Upgrades!$T$9="Solar Wind",POWER(Upgrades!$U$9,H11),1)*IF(Upgrades!$T$10="Solar Wind",POWER(Upgrades!$U$10,I11),1)*IF(Upgrades!$T$11="Solar Wind",POWER(Upgrades!$U$11,J11),1)*IF(Upgrades!$T$12="Solar Wind",POWER(Upgrades!$U$12,K11),1))+(IF(F11=0,0,(Upgrades!$J$7+F11*Upgrades!$K$7)*POWER(Upgrades!$L$7,F11)))*(IF(Upgrades!$T$6="Asteroid Belt",POWER(Upgrades!$U$6,E11),1)*IF(Upgrades!$T$8="Asteroid Belt",POWER(Upgrades!$U$8,G11),1)*IF(Upgrades!$T$9="Asteroid Belt",POWER(Upgrades!$U$9,H11),1)*IF(Upgrades!$T$10="Asteroid Belt",POWER(Upgrades!$U$10,I11),1)*IF(Upgrades!$T$11="Asteroid Belt",POWER(Upgrades!$U$11,J11),1)*IF(Upgrades!$T$12="Asteroid Belt",POWER(Upgrades!$U$12,K11),1))+(IF(G11=0,0,(Upgrades!$J$8+G11*Upgrades!$K$8)*POWER(Upgrades!$L$8,G11)))*(IF(Upgrades!$T$6="Stellar Coupling",POWER(Upgrades!$U$6,E11),1)*IF(Upgrades!$T$7="Stellar Coupling",POWER(Upgrades!$U$7,F11),1)*IF(Upgrades!$T$9="Stellar Coupling",POWER(Upgrades!$U$9,H11),1)*IF(Upgrades!$T$10="Stellar Coupling",POWER(Upgrades!$U$10,I11),1)*IF(Upgrades!$T$11="Stellar Coupling",POWER(Upgrades!$U$11,J11),1)*IF(Upgrades!$T$12="Stellar Coupling",POWER(Upgrades!$U$12,K11),1))+(IF(H11=0,0,(Upgrades!$J$9+H11*Upgrades!$K$9)*POWER(Upgrades!$L$9,H11)))*(IF(Upgrades!$T$6="Magnetosphere",POWER(Upgrades!$U$6,E11),1)*IF(Upgrades!$T$7="Magnetosphere",POWER(Upgrades!$U$7,F11),1)*IF(Upgrades!$T$8="Magnetosphere",POWER(Upgrades!$U$8,G11),1)*IF(Upgrades!$T$10="Magnetosphere",POWER(Upgrades!$U$10,I11),1)*IF(Upgrades!$T$11="Magnetosphere",POWER(Upgrades!$U$11,J11),1)*IF(Upgrades!$T$12="Magnetosphere",POWER(Upgrades!$U$12,K11),1))+(IF(I11=0,0,(Upgrades!$J$10+I11*Upgrades!$K$10)*POWER(Upgrades!$L$10,I11)))*(IF(Upgrades!$T$6="Orbital Resonance",POWER(Upgrades!$U$6,E11),1)*IF(Upgrades!$T$7="Orbital Resonance",POWER(Upgrades!$U$7,F11),1)*IF(Upgrades!$T$8="Orbital Resonance",POWER(Upgrades!$U$8,G11),1)*IF(Upgrades!$T$9="Orbital Resonance",POWER(Upgrades!$U$9,H11),1)*IF(Upgrades!$T$11="Orbital Resonance",POWER(Upgrades!$U$11,J11),1)*IF(Upgrades!$T$12="Orbital Resonance",POWER(Upgrades!$U$12,K11),1))+(IF(J11=0,0,(Upgrades!$J$11+J11*Upgrades!$K$11)*POWER(Upgrades!$L$11,J11)))*(IF(Upgrades!$T$6="Heliopause",POWER(Upgrades!$U$6,E11),1)*IF(Upgrades!$T$7="Heliopause",POWER(Upgrades!$U$7,F11),1)*IF(Upgrades!$T$8="Heliopause",POWER(Upgrades!$U$8,G11),1)*IF(Upgrades!$T$9="Heliopause",POWER(Upgrades!$U$9,H11),1)*IF(Upgrades!$T$10="Heliopause",POWER(Upgrades!$U$10,I11),1)*IF(Upgrades!$T$12="Heliopause",POWER(Upgrades!$U$12,K11),1))+(IF(K11=0,0,(Upgrades!$J$12+K11*Upgrades!$K$12)*POWER(Upgrades!$L$12,K11)))*(IF(Upgrades!$T$6="First Photons",POWER(Upgrades!$U$6,E11),1)*IF(Upgrades!$T$7="First Photons",POWER(Upgrades!$U$7,F11),1)*IF(Upgrades!$T$8="First Photons",POWER(Upgrades!$U$8,G11),1)*IF(Upgrades!$T$9="First Photons",POWER(Upgrades!$U$9,H11),1)*IF(Upgrades!$T$10="First Photons",POWER(Upgrades!$U$10,I11),1)*IF(Upgrades!$T$11="First Photons",POWER(Upgrades!$U$11,J11),1)))*POWER(Upgrades!$Q$6,E11)*POWER(Upgrades!$Q$7,F11)*POWER(Upgrades!$Q$8,G11)*POWER(Upgrades!$Q$9,H11)*POWER(Upgrades!$Q$10,I11)*POWER(Upgrades!$Q$11,J11)*POWER(Upgrades!$Q$12,K11) -> 2.05 | N11: =((IF(E11=0,0,(Upgrades!$G$6+E11*Upgrades!$H$6)*POWER(Upgrades!$I$6,E11)))*(IF(Upgrades!$T$7="Solar Wind",POWER(Upgrades!$U$7,F11),1)*IF(Upgrades!$T$8="Solar Wind",POWER(Upgrades!$U$8,G11),1)*IF(Upgrades!$T$9="Solar Wind",POWER(Upgrades!$U$9,H11),1)*IF(Upgrades!$T$10="Solar Wind",POWER(Upgrades!$U$10,I11),1)*IF(Upgrades!$T$11="Solar Wind",POWER(Upgrades!$U$11,J11),1)*IF(Upgrades!$T$12="Solar Wind",POWER(Upgrades!$U$12,K11),1))+(IF(F11=0,0,(Upgrades!$G$7+F11*Upgrades!$H$7)*POWER(Upgrades!$I$7,F11)))*(IF(Upgrades!$T$6="Asteroid Belt",POWER(Upgrades!$U$6,E11),1)*IF(Upgrades!$T$8="Asteroid Belt",POWER(Upgrades!$U$8,G11),1)*IF(Upgrades!$T$9="Asteroid Belt",POWER(Upgrades!$U$9,H11),1)*IF(Upgrades!$T$10="Asteroid Belt",POWER(Upgrades!$U$10,I11),1)*IF(Upgrades!$T$11="Asteroid Belt",POWER(Upgrades!$U$11,J11),1)*IF(Upgrades!$T$12="Asteroid Belt",POWER(Upgrades!$U$12,K11),1))+(IF(G11=0,0,(Upgrades!$G$8+G11*Upgrades!$H$8)*POWER(Upgrades!$I$8,G11)))*(IF(Upgrades!$T$6="Stellar Coupling",POWER(Upgrades!$U$6,E11),1)*IF(Upgrades!$T$7="Stellar Coupling",POWER(Upgrades!$U$7,F11),1)*IF(Upgrades!$T$9="Stellar Coupling",POWER(Upgrades!$U$9,H11),1)*IF(Upgrades!$T$10="Stellar Coupling",POWER(Upgrades!$U$10,I11),1)*IF(Upgrades!$T$11="Stellar Coupling",POWER(Upgrades!$U$11,J11),1)*IF(Upgrades!$T$12="Stellar Coupling",POWER(Upgrades!$U$12,K11),1))+(IF(H11=0,0,(Upgrades!$G$9+H11*Upgrades!$H$9)*POWER(Upgrades!$I$9,H11)))*(IF(Upgrades!$T$6="Magnetosphere",POWER(Upgrades!$U$6,E11),1)*IF(Upgrades!$T$7="Magnetosphere",POWER(Upgrades!$U$7,F11),1)*IF(Upgrades!$T$8="Magnetosphere",POWER(Upgrades!$U$8,G11),1)*IF(Upgrades!$T$10="Magnetosphere",POWER(Upgrades!$U$10,I11),1)*IF(Upgrades!$T$11="Magnetosphere",POWER(Upgrades!$U$11,J11),1)*IF(Upgrades!$T$12="Magnetosphere",POWER(Upgrades!$U$12,K11),1))+(IF(I11=0,0,(Upgrades!$G$10+I11*Upgrades!$H$10)*POWER(Upgrades!$I$10,I11)))*(IF(Upgrades!$T$6="Orbital Resonance",POWER(Upgrades!$U$6,E11),1)*IF(Upgrades!$T$7="Orbital Resonance",POWER(Upgrades!$U$7,F11),1)*IF(Upgrades!$T$8="Orbital Resonance",POWER(Upgrades!$U$8,G11),1)*IF(Upgrades!$T$9="Orbital Resonance",POWER(Upgrades!$U$9,H11),1)*IF(Upgrades!$T$11="Orbital Resonance",POWER(Upgrades!$U$11,J11),1)*IF(Upgrades!$T$12="Orbital Resonance",POWER(Upgrades!$U$12,K11),1))+(IF(J11=0,0,(Upgrades!$G$11+J11*Upgrades!$H$11)*POWER(Upgrades!$I$11,J11)))*(IF(Upgrades!$T$6="Heliopause",POWER(Upgrades!$U$6,E11),1)*IF(Upgrades!$T$7="Heliopause",POWER(Upgrades!$U$7,F11),1)*IF(Upgrades!$T$8="Heliopause",POWER(Upgrades!$U$8,G11),1)*IF(Upgrades!$T$9="Heliopause",POWER(Upgrades!$U$9,H11),1)*IF(Upgrades!$T$10="Heliopause",POWER(Upgrades!$U$10,I11),1)*IF(Upgrades!$T$12="Heliopause",POWER(Upgrades!$U$12,K11),1))+(IF(K11=0,0,(Upgrades!$G$12+K11*Upgrades!$H$12)*POWER(Upgrades!$I$12,K11)))*(IF(Upgrades!$T$6="First Photons",POWER(Upgrades!$U$6,E11),1)*IF(Upgrades!$T$7="First Photons",POWER(Upgrades!$U$7,F11),1)*IF(Upgrades!$T$8="First Photons",POWER(Upgrades!$U$8,G11),1)*IF(Upgrades!$T$9="First Photons",POWER(Upgrades!$U$9,H11),1)*IF(Upgrades!$T$10="First Photons",POWER(Upgrades!$U$10,I11),1)*IF(Upgrades!$T$11="First Photons",POWER(Upgrades!$U$11,J11),1)))*POWER(Upgrades!$P$6,E11)*POWER(Upgrades!$P$7,F11)*POWER(Upgrades!$P$8,G11)*POWER(Upgrades!$P$9,H11)*POWER(Upgrades!$P$10,I11)*POWER(Upgrades!$P$11,J11)*POWER(Upgrades!$P$12,K11) -> 0.08 | O11: =((IF(E11=0,0,(Upgrades!$M$6+E11*Upgrades!$N$6)*POWER(Upgrades!$O$6,E11)))*(IF(Upgrades!$T$7="Solar Wind",POWER(Upgrades!$U$7,F11),1)*IF(Upgrades!$T$8="Solar Wind",POWER(Upgrades!$U$8,G11),1)*IF(Upgrades!$T$9="Solar Wind",POWER(Upgrades!$U$9,H11),1)*IF(Upgrades!$T$10="Solar Wind",POWER(Upgrades!$U$10,I11),1)*IF(Upgrades!$T$11="Solar Wind",POWER(Upgrades!$U$11,J11),1)*IF(Upgrades!$T$12="Solar Wind",POWER(Upgrades!$U$12,K11),1))+(IF(F11=0,0,(Upgrades!$M$7+F11*Upgrades!$N$7)*POWER(Upgrades!$O$7,F11)))*(IF(Upgrades!$T$6="Asteroid Belt",POWER(Upgrades!$U$6,E11),1)*IF(Upgrades!$T$8="Asteroid Belt",POWER(Upgrades!$U$8,G11),1)*IF(Upgrades!$T$9="Asteroid Belt",POWER(Upgrades!$U$9,H11),1)*IF(Upgrades!$T$10="Asteroid Belt",POWER(Upgrades!$U$10,I11),1)*IF(Upgrades!$T$11="Asteroid Belt",POWER(Upgrades!$U$11,J11),1)*IF(Upgrades!$T$12="Asteroid Belt",POWER(Upgrades!$U$12,K11),1))+(IF(G11=0,0,(Upgrades!$M$8+G11*Upgrades!$N$8)*POWER(Upgrades!$O$8,G11)))*(IF(Upgrades!$T$6="Stellar Coupling",POWER(Upgrades!$U$6,E11),1)*IF(Upgrades!$T$7="Stellar Coupling",POWER(Upgrades!$U$7,F11),1)*IF(Upgrades!$T$9="Stellar Coupling",POWER(Upgrades!$U$9,H11),1)*IF(Upgrades!$T$10="Stellar Coupling",POWER(Upgrades!$U$10,I11),1)*IF(Upgrades!$T$11="Stellar Coupling",POWER(Upgrades!$U$11,J11),1)*IF(Upgrades!$T$12="Stellar Coupling",POWER(Upgrades!$U$12,K11),1))+(IF(H11=0,0,(Upgrades!$M$9+H11*Upgrades!$N$9)*POWER(Upgrades!$O$9,H11)))*(IF(Upgrades!$T$6="Magnetosphere",POWER(Upgrades!$U$6,E11),1)*IF(Upgrades!$T$7="Magnetosphere",POWER(Upgrades!$U$7,F11),1)*IF(Upgrades!$T$8="Magnetosphere",POWER(Upgrades!$U$8,G11),1)*IF(Upgrades!$T$10="Magnetosphere",POWER(Upgrades!$U$10,I11),1)*IF(Upgrades!$T$11="Magnetosphere",POWER(Upgrades!$U$11,J11),1)*IF(Upgrades!$T$12="Magnetosphere",POWER(Upgrades!$U$12,K11),1))+(IF(I11=0,0,(Upgrades!$M$10+I11*Upgrades!$N$10)*POWER(Upgrades!$O$10,I11)))*(IF(Upgrades!$T$6="Orbital Resonance",POWER(Upgrades!$U$6,E11),1)*IF(Upgrades!$T$7="Orbital Resonance",POWER(Upgrades!$U$7,F11),1)*IF(Upgrades!$T$8="Orbital Resonance",POWER(Upgrades!$U$8,G11),1)*IF(Upgrades!$T$9="Orbital Resonance",POWER(Upgrades!$U$9,H11),1)*IF(Upgrades!$T$11="Orbital Resonance",POWER(Upgrades!$U$11,J11),1)*IF(Upgrades!$T$12="Orbital Resonance",POWER(Upgrades!$U$12,K11),1))+(IF(J11=0,0,(Upgrades!$M$11+J11*Upgrades!$N$11)*POWER(Upgrades!$O$11,J11)))*(IF(Upgrades!$T$6="Heliopause",POWER(Upgrades!$U$6,E11),1)*IF(Upgrades!$T$7="Heliopause",POWER(Upgrades!$U$7,F11),1)*IF(Upgrades!$T$8="Heliopause",POWER(Upgrades!$U$8,G11),1)*IF(Upgrades!$T$9="Heliopause",POWER(Upgrades!$U$9,H11),1)*IF(Upgrades!$T$10="Heliopause",POWER(Upgrades!$U$10,I11),1)*IF(Upgrades!$T$12="Heliopause",POWER(Upgrades!$U$12,K11),1))+(IF(K11=0,0,(Upgrades!$M$12+K11*Upgrades!$N$12)*POWER(Upgrades!$O$12,K11)))*(IF(Upgrades!$T$6="First Photons",POWER(Upgrades!$U$6,E11),1)*IF(Upgrades!$T$7="First Photons",POWER(Upgrades!$U$7,F11),1)*IF(Upgrades!$T$8="First Photons",POWER(Upgrades!$U$8,G11),1)*IF(Upgrades!$T$9="First Photons",POWER(Upgrades!$U$9,H11),1)*IF(Upgrades!$T$10="First Photons",POWER(Upgrades!$U$10,I11),1)*IF(Upgrades!$T$11="First Photons",POWER(Upgrades!$U$11,J11),1)))*POWER(Upgrades!$R$6,E11)*POWER(Upgrades!$R$7,F11)*POWER(Upgrades!$R$8,G11)*POWER(Upgrades!$R$9,H11)*POWER(Upgrades!$R$10,I11)*POWER(Upgrades!$R$11,J11)*POWER(Upgrades!$R$12,K11) -> 0 | P11: =IF(L11=1,0,M11*Parameters!$B$10/60*Parameters!$B$11*10) -> 34.166667 | Q11: =IF(L11=1,0,O11*M11*10) -> 0 | R11: =IF(L11=1,0,N11*10) -> 0.8 | S11: =P11+Q11+R11 -> 34.966667 | T11: =C11+S11 -> 45.346667 | U11: =AX11 -> AB | V11: =IF(U11="",0,IF(U11="transition",0,IF(U11="SW",AG11,IF(U11="AB",AH11,IF(U11="SC",AI11,IF(U11="Mag",AJ11,IF(U11="OR",AK11,IF(U11="HP",AL11,IF(U11="FP",AM11,0))))))))) -> 20 | W11: =IF(U11="OR",Upgrades!$F$10,IF(U11="HP",Upgrades!$F$11,IF(U11="transition",-Parameters!$B$18,0))) -> 0 | X11: =T11-V11 -> 25.346667 | Y11: =M11*Parameters!$B$10/60*Parameters!$B$11+O11*M11+N11 -> 3.4966667 | Z11: =IF(U11="transition","→ Tier 2 (Stellar Neighborhood)",IF(U11="FP","First Photons — light begins, system quickens",IF(U11="HP","Heliopause acquired",IF(U11="OR","Orbital Resonance — passive multiplier active",IF(AND(AO11=1,L11=0,AN11<>1),"Cohesion ready (waiting on completionist upgrades)",""))))) | AA11: =(IF(E11=0,0,(Upgrades!$G$6+E11*Upgrades!$H$6)*POWER(Upgrades!$I$6,E11)))*(IF(Upgrades!$T$7="Solar Wind",POWER(Upgrades!$U$7,F11),1)*IF(Upgrades!$T$8="Solar Wind",POWER(Upgrades!$U$8,G11),1)*IF(Upgrades!$T$9="Solar Wind",POWER(Upgrades!$U$9,H11),1)*IF(Upgrades!$T$10="Solar Wind",POWER(Upgrades!$U$10,I11),1)*IF(Upgrades!$T$11="Solar Wind",POWER(Upgrades!$U$11,J11),1)*IF(Upgrades!$T$12="Solar Wind",POWER(Upgrades!$U$12,K11),1))*POWER(Upgrades!$P$6,E11)*POWER(Upgrades!$P$7,F11)*POWER(Upgrades!$P$8,G11)*POWER(Upgrades!$P$9,H11)*POWER(Upgrades!$P$10,I11)*POWER(Upgrades!$P$11,J11)*POWER(Upgrades!$P$12,K11)*60 -> 4.8 | AB11: =(IF(F11=0,0,(Upgrades!$G$7+F11*Upgrades!$H$7)*POWER(Upgrades!$I$7,F11)))*(IF(Upgrades!$T$6="Asteroid Belt",POWER(Upgrades!$U$6,E11),1)*IF(Upgrades!$T$8="Asteroid Belt",POWER(Upgrades!$U$8,G11),1)*IF(Upgrades!$T$9="Asteroid Belt",POWER(Upgrades!$U$9,H11),1)*IF(Upgrades!$T$10="Asteroid Belt",POWER(Upgrades!$U$10,I11),1)*IF(Upgrades!$T$11="Asteroid Belt",POWER(Upgrades!$U$11,J11),1)*IF(Upgrades!$T$12="Asteroid Belt",POWER(Upgrades!$U$12,K11),1))*POWER(Upgrades!$P$6,E11)*POWER(Upgrades!$P$7,F11)*POWER(Upgrades!$P$8,G11)*POWER(Upgrades!$P$9,H11)*POWER(Upgrades!$P$10,I11)*POWER(Upgrades!$P$11,J11)*POWER(Upgrades!$P$12,K11)*60 -> 0 | AC11: =(IF(G11=0,0,(Upgrades!$J$8+G11*Upgrades!$K$8)*POWER(Upgrades!$L$8,G11)))*(IF(Upgrades!$T$6="Stellar Coupling",POWER(Upgrades!$U$6,E11),1)*IF(Upgrades!$T$7="Stellar Coupling",POWER(Upgrades!$U$7,F11),1)*IF(Upgrades!$T$9="Stellar Coupling",POWER(Upgrades!$U$9,H11),1)*IF(Upgrades!$T$10="Stellar Coupling",POWER(Upgrades!$U$10,I11),1)*IF(Upgrades!$T$11="Stellar Coupling",POWER(Upgrades!$U$11,J11),1)*IF(Upgrades!$T$12="Stellar Coupling",POWER(Upgrades!$U$12,K11),1))*POWER(Upgrades!$Q$6,E11)*POWER(Upgrades!$Q$7,F11)*POWER(Upgrades!$Q$8,G11)*POWER(Upgrades!$Q$9,H11)*POWER(Upgrades!$Q$10,I11)*POWER(Upgrades!$Q$11,J11)*POWER(Upgrades!$Q$12,K11)*Parameters!$B$10*Parameters!$B$11 -> 105 | AD11: =(IF(H11=0,0,(Upgrades!$G$9+H11*Upgrades!$H$9)*POWER(Upgrades!$I$9,H11)))*(IF(Upgrades!$T$6="Magnetosphere",POWER(Upgrades!$U$6,E11),1)*IF(Upgrades!$T$7="Magnetosphere",POWER(Upgrades!$U$7,F11),1)*IF(Upgrades!$T$8="Magnetosphere",POWER(Upgrades!$U$8,G11),1)*IF(Upgrades!$T$10="Magnetosphere",POWER(Upgrades!$U$10,I11),1)*IF(Upgrades!$T$11="Magnetosphere",POWER(Upgrades!$U$11,J11),1)*IF(Upgrades!$T$12="Magnetosphere",POWER(Upgrades!$U$12,K11),1))*POWER(Upgrades!$P$6,E11)*POWER(Upgrades!$P$7,F11)*POWER(Upgrades!$P$8,G11)*POWER(Upgrades!$P$9,H11)*POWER(Upgrades!$P$10,I11)*POWER(Upgrades!$P$11,J11)*POWER(Upgrades!$P$12,K11)*60 -> 0 | AE11: =(IF(K11=0,0,(Upgrades!$G$12+K11*Upgrades!$H$12)*POWER(Upgrades!$I$12,K11)))*(IF(Upgrades!$T$6="First Photons",POWER(Upgrades!$U$6,E11),1)*IF(Upgrades!$T$7="First Photons",POWER(Upgrades!$U$7,F11),1)*IF(Upgrades!$T$8="First Photons",POWER(Upgrades!$U$8,G11),1)*IF(Upgrades!$T$9="First Photons",POWER(Upgrades!$U$9,H11),1)*IF(Upgrades!$T$10="First Photons",POWER(Upgrades!$U$10,I11),1)*IF(Upgrades!$T$11="First Photons",POWER(Upgrades!$U$11,J11),1))*POWER(Upgrades!$P$6,E11)*POWER(Upgrades!$P$7,F11)*POWER(Upgrades!$P$8,G11)*POWER(Upgrades!$P$9,H11)*POWER(Upgrades!$P$10,I11)*POWER(Upgrades!$P$11,J11)*POWER(Upgrades!$P$12,K11)*60 -> 0 | AF11: =Parameters!$B$9*POWER(Upgrades!$Q$6,E11)*POWER(Upgrades!$Q$7,F11)*POWER(Upgrades!$Q$8,G11)*POWER(Upgrades!$Q$9,H11)*POWER(Upgrades!$Q$10,I11)*POWER(Upgrades!$Q$11,J11)*POWER(Upgrades!$Q$12,K11)*(Parameters!$B$10*Parameters!$B$11+O11*60) -> 100 | AG11: =IF(E11>=Upgrades!$E$6,"",Upgrades!$C$6*POWER(Upgrades!$D$6,E11)) -> 8.05 | AH11: =IF(F11>=Upgrades!$E$7,"",Upgrades!$C$7*POWER(Upgrades!$D$7,F11)) -> 20 | AI11: =IF(G11>=Upgrades!$E$8,"",Upgrades!$C$8*POWER(Upgrades!$D$8,G11)) -> 60.368 | AJ11: =IF(H11>=Upgrades!$E$9,"",Upgrades!$C$9*POWER(Upgrades!$D$9,H11)) -> 80 | AK11: =IF(I11>=Upgrades!$E$10,"",Upgrades!$C$10*POWER(Upgrades!$D$10,I11)) -> 240 | AL11: =IF(J11>=Upgrades!$E$11,"",Upgrades!$C$11*POWER(Upgrades!$D$11,J11)) -> 575 | AM11: =IF(K11>=Upgrades!$E$12,"",Upgrades!$C$12*POWER(Upgrades!$D$12,K11)) -> 850 | AN11: =IF(AND(D11>=Parameters!$B$18,(H11>=Upgrades!$E$9)*(K11>=Upgrades!$E$12)=1,L11=0),1,"") | AO11: =IF(AND(D11>=Parameters!$B$18,L11=0),1,"") | AP11: =MIN(IF(ISNUMBER(AK11),AK11,9000000000000000),IF(ISNUMBER(AL11),AL11,9000000000000000),IF(ISNUMBER(AM11),AM11,9000000000000000)) -> 240 | AQ11: =MIN(IF(ISNUMBER(AG11),AG11,9000000000000000),IF(ISNUMBER(AH11),AH11,9000000000000000),IF(ISNUMBER(AI11),AI11,9000000000000000),IF(ISNUMBER(AJ11),AJ11,9000000000000000)) -> 8.05 | AR11: =IF(AW11>Parameters!$B$21*(MAX(IF(AND(NOT(AND(AO11=1,AN11<>1)),ISNUMBER(AG11),AG11<=T11),AS11,0),IF(AND(NOT(AND(AO11=1,AN11<>1)),ISNUMBER(AH11),AH11<=T11),AT11,0),IF(AND(NOT(AND(AO11=1,AN11<>1)),ISNUMBER(AI11),AI11<=T11),AU11,0),IF(AND(ISNUMBER(AJ11),AJ11<=T11),AV11,0))),TRUE(),FALSE()) -> FALSE | AS11: =IFERROR(Upgrades!$H$6*(POWER(Upgrades!$P$6,E11)*POWER(Upgrades!$P$7,F11)*POWER(Upgrades!$P$8,G11)*POWER(Upgrades!$P$9,H11)*POWER(Upgrades!$P$10,I11)*POWER(Upgrades!$P$11,J11)*POWER(Upgrades!$P$12,K11))*(IF(Upgrades!$T$7="Solar Wind",POWER(Upgrades!$U$7,F11),1)*IF(Upgrades!$T$8="Solar Wind",POWER(Upgrades!$U$8,G11),1)*IF(Upgrades!$T$9="Solar Wind",POWER(Upgrades!$U$9,H11),1)*IF(Upgrades!$T$10="Solar Wind",POWER(Upgrades!$U$10,I11),1)*IF(Upgrades!$T$11="Solar Wind",POWER(Upgrades!$U$11,J11),1)*IF(Upgrades!$T$12="Solar Wind",POWER(Upgrades!$U$12,K11),1))/AG11,0) -> 0.0099378882 | AT11: =IFERROR(Upgrades!$H$7*(POWER(Upgrades!$P$6,E11)*POWER(Upgrades!$P$7,F11)*POWER(Upgrades!$P$8,G11)*POWER(Upgrades!$P$9,H11)*POWER(Upgrades!$P$10,I11)*POWER(Upgrades!$P$11,J11)*POWER(Upgrades!$P$12,K11))*(IF(Upgrades!$T$6="Asteroid Belt",POWER(Upgrades!$U$6,E11),1)*IF(Upgrades!$T$8="Asteroid Belt",POWER(Upgrades!$U$8,G11),1)*IF(Upgrades!$T$9="Asteroid Belt",POWER(Upgrades!$U$9,H11),1)*IF(Upgrades!$T$10="Asteroid Belt",POWER(Upgrades!$U$10,I11),1)*IF(Upgrades!$T$11="Asteroid Belt",POWER(Upgrades!$U$11,J11),1)*IF(Upgrades!$T$12="Asteroid Belt",POWER(Upgrades!$U$12,K11),1))/AH11,0) -> 0.01 | AU11: =IFERROR(Upgrades!$K$8*(POWER(Upgrades!$Q$6,E11)*POWER(Upgrades!$Q$7,F11)*POWER(Upgrades!$Q$8,G11)*POWER(Upgrades!$Q$9,H11)*POWER(Upgrades!$Q$10,I11)*POWER(Upgrades!$Q$11,J11)*POWER(Upgrades!$Q$12,K11))*(IF(Upgrades!$T$6="Stellar Coupling",POWER(Upgrades!$U$6,E11),1)*IF(Upgrades!$T$7="Stellar Coupling",POWER(Upgrades!$U$7,F11),1)*IF(Upgrades!$T$9="Stellar Coupling",POWER(Upgrades!$U$9,H11),1)*IF(Upgrades!$T$10="Stellar Coupling",POWER(Upgrades!$U$10,I11),1)*IF(Upgrades!$T$11="Stellar Coupling",POWER(Upgrades!$U$11,J11),1)*IF(Upgrades!$T$12="Stellar Coupling",POWER(Upgrades!$U$12,K11),1))*Parameters!$B$10*Parameters!$B$11/60/AI11,0) -> 0.0096629561 | AV11: =IFERROR(Upgrades!$H$9*(POWER(Upgrades!$P$6,E11)*POWER(Upgrades!$P$7,F11)*POWER(Upgrades!$P$8,G11)*POWER(Upgrades!$P$9,H11)*POWER(Upgrades!$P$10,I11)*POWER(Upgrades!$P$11,J11)*POWER(Upgrades!$P$12,K11))*(IF(Upgrades!$T$6="Magnetosphere",POWER(Upgrades!$U$6,E11),1)*IF(Upgrades!$T$7="Magnetosphere",POWER(Upgrades!$U$7,F11),1)*IF(Upgrades!$T$8="Magnetosphere",POWER(Upgrades!$U$8,G11),1)*IF(Upgrades!$T$10="Magnetosphere",POWER(Upgrades!$U$10,I11),1)*IF(Upgrades!$T$11="Magnetosphere",POWER(Upgrades!$U$11,J11),1)*IF(Upgrades!$T$12="Magnetosphere",POWER(Upgrades!$U$12,K11),1))/AJ11,0) -> 0.0125 | AW11: =MAX(IF(I11>0,0,IFERROR(0.25*N11/Upgrades!$C$10,0)),IF(J11>0,0,IFERROR(0.5*((IF(G11=0,0,(Upgrades!$J$8+G11*Upgrades!$K$8)*POWER(Upgrades!$L$8,G11)))*(IF(Upgrades!$T$6="Stellar Coupling",POWER(Upgrades!$U$6,E11),1)*IF(Upgrades!$T$7="Stellar Coupling",POWER(Upgrades!$U$7,F11),1)*IF(Upgrades!$T$9="Stellar Coupling",POWER(Upgrades!$U$9,H11),1)*IF(Upgrades!$T$10="Stellar Coupling",POWER(Upgrades!$U$10,I11),1)*IF(Upgrades!$T$11="Stellar Coupling",POWER(Upgrades!$U$11,J11),1)*IF(Upgrades!$T$12="Stellar Coupling",POWER(Upgrades!$U$12,K11),1))*(POWER(Upgrades!$Q$6,E11)*POWER(Upgrades!$Q$7,F11)*POWER(Upgrades!$Q$8,G11)*POWER(Upgrades!$Q$9,H11)*POWER(Upgrades!$Q$10,I11)*POWER(Upgrades!$Q$11,J11)*POWER(Upgrades!$Q$12,K11))*Parameters!$B$10*Parameters!$B$11/60)/Upgrades!$C$11,0)),IF(K11>0,0,IFERROR((1*(POWER(Upgrades!$P$6,E11)*POWER(Upgrades!$P$7,F11)*POWER(Upgrades!$P$8,G11)*POWER(Upgrades!$P$9,H11)*POWER(Upgrades!$P$10,I11)*POWER(Upgrades!$P$11,J11)*POWER(Upgrades!$P$12,K11))+0.2*M11*Parameters!$B$10*Parameters!$B$11/60)/Upgrades!$C$12,0)),IF(AND(ISNUMBER(AG11),AG11>T11),AS11,0),IF(AND(ISNUMBER(AH11),AH11>T11),AT11,0),IF(AND(ISNUMBER(AI11),AI11>T11),AU11,0),IF(AND(ISNUMBER(AJ11),AJ11>T11),AV11,0)) -> 0.0125 | AX11: =IF(AN11=1,"transition",IF(MIN(IF(AND(I11=0,ISNUMBER(AK11),AK11<=T11),AK11,9000000000000000),IF(AND(J11=0,ISNUMBER(AL11),AL11<=T11),AL11,9000000000000000),IF(AND(K11=0,ISNUMBER(AM11),AM11<=T11),AM11,9000000000000000))<9000000000000000,IF(AND(AND(I11=0,ISNUMBER(AK11),AK11<=T11),AK11=MIN(IF(AND(I11=0,ISNUMBER(AK11),AK11<=T11),AK11,9000000000000000),IF(AND(J11=0,ISNUMBER(AL11),AL11<=T11),AL11,9000000000000000),IF(AND(K11=0,ISNUMBER(AM11),AM11<=T11),AM11,9000000000000000))),"OR",IF(AND(AND(J11=0,ISNUMBER(AL11),AL11<=T11),AL11=MIN(IF(AND(I11=0,ISNUMBER(AK11),AK11<=T11),AK11,9000000000000000),IF(AND(J11=0,ISNUMBER(AL11),AL11<=T11),AL11,9000000000000000),IF(AND(K11=0,ISNUMBER(AM11),AM11<=T11),AM11,9000000000000000))),"HP","FP")),IF(AR11=TRUE(),"",IF(MAX(IF(AND(NOT(AND(AO11=1,AN11<>1)),ISNUMBER(AG11),AG11<=T11),AS11,0),IF(AND(NOT(AND(AO11=1,AN11<>1)),ISNUMBER(AH11),AH11<=T11),AT11,0),IF(AND(NOT(AND(AO11=1,AN11<>1)),ISNUMBER(AI11),AI11<=T11),AU11,0),IF(AND(ISNUMBER(AJ11),AJ11<=T11),AV11,0))<=0,"",IF(AND(IF(AND(NOT(AND(AO11=1,AN11<>1)),ISNUMBER(AG11),AG11<=T11),AS11,0)>0,IF(AND(NOT(AND(AO11=1,AN11<>1)),ISNUMBER(AG11),AG11<=T11),AS11,0)=MAX(IF(AND(NOT(AND(AO11=1,AN11<>1)),ISNUMBER(AG11),AG11<=T11),AS11,0),IF(AND(NOT(AND(AO11=1,AN11<>1)),ISNUMBER(AH11),AH11<=T11),AT11,0),IF(AND(NOT(AND(AO11=1,AN11<>1)),ISNUMBER(AI11),AI11<=T11),AU11,0),IF(AND(ISNUMBER(AJ11),AJ11<=T11),AV11,0))),"SW",IF(AND(IF(AND(NOT(AND(AO11=1,AN11<>1)),ISNUMBER(AH11),AH11<=T11),AT11,0)>0,IF(AND(NOT(AND(AO11=1,AN11<>1)),ISNUMBER(AH11),AH11<=T11),AT11,0)=MAX(IF(AND(NOT(AND(AO11=1,AN11<>1)),ISNUMBER(AG11),AG11<=T11),AS11,0),IF(AND(NOT(AND(AO11=1,AN11<>1)),ISNUMBER(AH11),AH11<=T11),AT11,0),IF(AND(NOT(AND(AO11=1,AN11<>1)),ISNUMBER(AI11),AI11<=T11),AU11,0),IF(AND(ISNUMBER(AJ11),AJ11<=T11),AV11,0))),"AB",IF(AND(IF(AND(NOT(AND(AO11=1,AN11<>1)),ISNUMBER(AI11),AI11<=T11),AU11,0)>0,IF(AND(NOT(AND(AO11=1,AN11<>1)),ISNUMBER(AI11),AI11<=T11),AU11,0)=MAX(IF(AND(NOT(AND(AO11=1,AN11<>1)),ISNUMBER(AG11),AG11<=T11),AS11,0),IF(AND(NOT(AND(AO11=1,AN11<>1)),ISNUMBER(AH11),AH11<=T11),AT11,0),IF(AND(NOT(AND(AO11=1,AN11<>1)),ISNUMBER(AI11),AI11<=T11),AU11,0),IF(AND(ISNUMBER(AJ11),AJ11<=T11),AV11,0))),"SC","Mag"))))))) -> AB
A12: 7 | B12: =A12*10/60 -> 1.1666667 | C12: =X11 -> 25.346667 | D12: =D11+W11 -> 0 | E12: =E11+IF(U11="SW",1,0) -> 1 | F12: =F11+IF(U11="AB",1,0) -> 1 | G12: =G11+IF(U11="SC",1,0) -> 3 | H12: =H11+IF(U11="Mag",1,0) -> 0 | I12: =MAX(I11,IF(U11="OR",1,0)) -> 0 | J12: =MAX(J11,IF(U11="HP",1,0)) -> 0 | K12: =MAX(K11,IF(U11="FP",1,0)) -> 0 | L12: =MAX(L11,IF(U11="transition",1,0)) -> 0 | M12: =(Parameters!$B$9+(IF(E12=0,0,(Upgrades!$J$6+E12*Upgrades!$K$6)*POWER(Upgrades!$L$6,E12)))*(IF(Upgrades!$T$7="Solar Wind",POWER(Upgrades!$U$7,F12),1)*IF(Upgrades!$T$8="Solar Wind",POWER(Upgrades!$U$8,G12),1)*IF(Upgrades!$T$9="Solar Wind",POWER(Upgrades!$U$9,H12),1)*IF(Upgrades!$T$10="Solar Wind",POWER(Upgrades!$U$10,I12),1)*IF(Upgrades!$T$11="Solar Wind",POWER(Upgrades!$U$11,J12),1)*IF(Upgrades!$T$12="Solar Wind",POWER(Upgrades!$U$12,K12),1))+(IF(F12=0,0,(Upgrades!$J$7+F12*Upgrades!$K$7)*POWER(Upgrades!$L$7,F12)))*(IF(Upgrades!$T$6="Asteroid Belt",POWER(Upgrades!$U$6,E12),1)*IF(Upgrades!$T$8="Asteroid Belt",POWER(Upgrades!$U$8,G12),1)*IF(Upgrades!$T$9="Asteroid Belt",POWER(Upgrades!$U$9,H12),1)*IF(Upgrades!$T$10="Asteroid Belt",POWER(Upgrades!$U$10,I12),1)*IF(Upgrades!$T$11="Asteroid Belt",POWER(Upgrades!$U$11,J12),1)*IF(Upgrades!$T$12="Asteroid Belt",POWER(Upgrades!$U$12,K12),1))+(IF(G12=0,0,(Upgrades!$J$8+G12*Upgrades!$K$8)*POWER(Upgrades!$L$8,G12)))*(IF(Upgrades!$T$6="Stellar Coupling",POWER(Upgrades!$U$6,E12),1)*IF(Upgrades!$T$7="Stellar Coupling",POWER(Upgrades!$U$7,F12),1)*IF(Upgrades!$T$9="Stellar Coupling",POWER(Upgrades!$U$9,H12),1)*IF(Upgrades!$T$10="Stellar Coupling",POWER(Upgrades!$U$10,I12),1)*IF(Upgrades!$T$11="Stellar Coupling",POWER(Upgrades!$U$11,J12),1)*IF(Upgrades!$T$12="Stellar Coupling",POWER(Upgrades!$U$12,K12),1))+(IF(H12=0,0,(Upgrades!$J$9+H12*Upgrades!$K$9)*POWER(Upgrades!$L$9,H12)))*(IF(Upgrades!$T$6="Magnetosphere",POWER(Upgrades!$U$6,E12),1)*IF(Upgrades!$T$7="Magnetosphere",POWER(Upgrades!$U$7,F12),1)*IF(Upgrades!$T$8="Magnetosphere",POWER(Upgrades!$U$8,G12),1)*IF(Upgrades!$T$10="Magnetosphere",POWER(Upgrades!$U$10,I12),1)*IF(Upgrades!$T$11="Magnetosphere",POWER(Upgrades!$U$11,J12),1)*IF(Upgrades!$T$12="Magnetosphere",POWER(Upgrades!$U$12,K12),1))+(IF(I12=0,0,(Upgrades!$J$10+I12*Upgrades!$K$10)*POWER(Upgrades!$L$10,I12)))*(IF(Upgrades!$T$6="Orbital Resonance",POWER(Upgrades!$U$6,E12),1)*IF(Upgrades!$T$7="Orbital Resonance",POWER(Upgrades!$U$7,F12),1)*IF(Upgrades!$T$8="Orbital Resonance",POWER(Upgrades!$U$8,G12),1)*IF(Upgrades!$T$9="Orbital Resonance",POWER(Upgrades!$U$9,H12),1)*IF(Upgrades!$T$11="Orbital Resonance",POWER(Upgrades!$U$11,J12),1)*IF(Upgrades!$T$12="Orbital Resonance",POWER(Upgrades!$U$12,K12),1))+(IF(J12=0,0,(Upgrades!$J$11+J12*Upgrades!$K$11)*POWER(Upgrades!$L$11,J12)))*(IF(Upgrades!$T$6="Heliopause",POWER(Upgrades!$U$6,E12),1)*IF(Upgrades!$T$7="Heliopause",POWER(Upgrades!$U$7,F12),1)*IF(Upgrades!$T$8="Heliopause",POWER(Upgrades!$U$8,G12),1)*IF(Upgrades!$T$9="Heliopause",POWER(Upgrades!$U$9,H12),1)*IF(Upgrades!$T$10="Heliopause",POWER(Upgrades!$U$10,I12),1)*IF(Upgrades!$T$12="Heliopause",POWER(Upgrades!$U$12,K12),1))+(IF(K12=0,0,(Upgrades!$J$12+K12*Upgrades!$K$12)*POWER(Upgrades!$L$12,K12)))*(IF(Upgrades!$T$6="First Photons",POWER(Upgrades!$U$6,E12),1)*IF(Upgrades!$T$7="First Photons",POWER(Upgrades!$U$7,F12),1)*IF(Upgrades!$T$8="First Photons",POWER(Upgrades!$U$8,G12),1)*IF(Upgrades!$T$9="First Photons",POWER(Upgrades!$U$9,H12),1)*IF(Upgrades!$T$10="First Photons",POWER(Upgrades!$U$10,I12),1)*IF(Upgrades!$T$11="First Photons",POWER(Upgrades!$U$11,J12),1)))*POWER(Upgrades!$Q$6,E12)*POWER(Upgrades!$Q$7,F12)*POWER(Upgrades!$Q$8,G12)*POWER(Upgrades!$Q$9,H12)*POWER(Upgrades!$Q$10,I12)*POWER(Upgrades!$Q$11,J12)*POWER(Upgrades!$Q$12,K12) -> 2.05 | N12: =((IF(E12=0,0,(Upgrades!$G$6+E12*Upgrades!$H$6)*POWER(Upgrades!$I$6,E12)))*(IF(Upgrades!$T$7="Solar Wind",POWER(Upgrades!$U$7,F12),1)*IF(Upgrades!$T$8="Solar Wind",POWER(Upgrades!$U$8,G12),1)*IF(Upgrades!$T$9="Solar Wind",POWER(Upgrades!$U$9,H12),1)*IF(Upgrades!$T$10="Solar Wind",POWER(Upgrades!$U$10,I12),1)*IF(Upgrades!$T$11="Solar Wind",POWER(Upgrades!$U$11,J12),1)*IF(Upgrades!$T$12="Solar Wind",POWER(Upgrades!$U$12,K12),1))+(IF(F12=0,0,(Upgrades!$G$7+F12*Upgrades!$H$7)*POWER(Upgrades!$I$7,F12)))*(IF(Upgrades!$T$6="Asteroid Belt",POWER(Upgrades!$U$6,E12),1)*IF(Upgrades!$T$8="Asteroid Belt",POWER(Upgrades!$U$8,G12),1)*IF(Upgrades!$T$9="Asteroid Belt",POWER(Upgrades!$U$9,H12),1)*IF(Upgrades!$T$10="Asteroid Belt",POWER(Upgrades!$U$10,I12),1)*IF(Upgrades!$T$11="Asteroid Belt",POWER(Upgrades!$U$11,J12),1)*IF(Upgrades!$T$12="Asteroid Belt",POWER(Upgrades!$U$12,K12),1))+(IF(G12=0,0,(Upgrades!$G$8+G12*Upgrades!$H$8)*POWER(Upgrades!$I$8,G12)))*(IF(Upgrades!$T$6="Stellar Coupling",POWER(Upgrades!$U$6,E12),1)*IF(Upgrades!$T$7="Stellar Coupling",POWER(Upgrades!$U$7,F12),1)*IF(Upgrades!$T$9="Stellar Coupling",POWER(Upgrades!$U$9,H12),1)*IF(Upgrades!$T$10="Stellar Coupling",POWER(Upgrades!$U$10,I12),1)*IF(Upgrades!$T$11="Stellar Coupling",POWER(Upgrades!$U$11,J12),1)*IF(Upgrades!$T$12="Stellar Coupling",POWER(Upgrades!$U$12,K12),1))+(IF(H12=0,0,(Upgrades!$G$9+H12*Upgrades!$H$9)*POWER(Upgrades!$I$9,H12)))*(IF(Upgrades!$T$6="Magnetosphere",POWER(Upgrades!$U$6,E12),1)*IF(Upgrades!$T$7="Magnetosphere",POWER(Upgrades!$U$7,F12),1)*IF(Upgrades!$T$8="Magnetosphere",POWER(Upgrades!$U$8,G12),1)*IF(Upgrades!$T$10="Magnetosphere",POWER(Upgrades!$U$10,I12),1)*IF(Upgrades!$T$11="Magnetosphere",POWER(Upgrades!$U$11,J12),1)*IF(Upgrades!$T$12="Magnetosphere",POWER(Upgrades!$U$12,K12),1))+(IF(I12=0,0,(Upgrades!$G$10+I12*Upgrades!$H$10)*POWER(Upgrades!$I$10,I12)))*(IF(Upgrades!$T$6="Orbital Resonance",POWER(Upgrades!$U$6,E12),1)*IF(Upgrades!$T$7="Orbital Resonance",POWER(Upgrades!$U$7,F12),1)*IF(Upgrades!$T$8="Orbital Resonance",POWER(Upgrades!$U$8,G12),1)*IF(Upgrades!$T$9="Orbital Resonance",POWER(Upgrades!$U$9,H12),1)*IF(Upgrades!$T$11="Orbital Resonance",POWER(Upgrades!$U$11,J12),1)*IF(Upgrades!$T$12="Orbital Resonance",POWER(Upgrades!$U$12,K12),1))+(IF(J12=0,0,(Upgrades!$G$11+J12*Upgrades!$H$11)*POWER(Upgrades!$I$11,J12)))*(IF(Upgrades!$T$6="Heliopause",POWER(Upgrades!$U$6,E12),1)*IF(Upgrades!$T$7="Heliopause",POWER(Upgrades!$U$7,F12),1)*IF(Upgrades!$T$8="Heliopause",POWER(Upgrades!$U$8,G12),1)*IF(Upgrades!$T$9="Heliopause",POWER(Upgrades!$U$9,H12),1)*IF(Upgrades!$T$10="Heliopause",POWER(Upgrades!$U$10,I12),1)*IF(Upgrades!$T$12="Heliopause",POWER(Upgrades!$U$12,K12),1))+(IF(K12=0,0,(Upgrades!$G$12+K12*Upgrades!$H$12)*POWER(Upgrades!$I$12,K12)))*(IF(Upgrades!$T$6="First Photons",POWER(Upgrades!$U$6,E12),1)*IF(Upgrades!$T$7="First Photons",POWER(Upgrades!$U$7,F12),1)*IF(Upgrades!$T$8="First Photons",POWER(Upgrades!$U$8,G12),1)*IF(Upgrades!$T$9="First Photons",POWER(Upgrades!$U$9,H12),1)*IF(Upgrades!$T$10="First Photons",POWER(Upgrades!$U$10,I12),1)*IF(Upgrades!$T$11="First Photons",POWER(Upgrades!$U$11,J12),1)))*POWER(Upgrades!$P$6,E12)*POWER(Upgrades!$P$7,F12)*POWER(Upgrades!$P$8,G12)*POWER(Upgrades!$P$9,H12)*POWER(Upgrades!$P$10,I12)*POWER(Upgrades!$P$11,J12)*POWER(Upgrades!$P$12,K12) -> 0.28 | O12: =((IF(E12=0,0,(Upgrades!$M$6+E12*Upgrades!$N$6)*POWER(Upgrades!$O$6,E12)))*(IF(Upgrades!$T$7="Solar Wind",POWER(Upgrades!$U$7,F12),1)*IF(Upgrades!$T$8="Solar Wind",POWER(Upgrades!$U$8,G12),1)*IF(Upgrades!$T$9="Solar Wind",POWER(Upgrades!$U$9,H12),1)*IF(Upgrades!$T$10="Solar Wind",POWER(Upgrades!$U$10,I12),1)*IF(Upgrades!$T$11="Solar Wind",POWER(Upgrades!$U$11,J12),1)*IF(Upgrades!$T$12="Solar Wind",POWER(Upgrades!$U$12,K12),1))+(IF(F12=0,0,(Upgrades!$M$7+F12*Upgrades!$N$7)*POWER(Upgrades!$O$7,F12)))*(IF(Upgrades!$T$6="Asteroid Belt",POWER(Upgrades!$U$6,E12),1)*IF(Upgrades!$T$8="Asteroid Belt",POWER(Upgrades!$U$8,G12),1)*IF(Upgrades!$T$9="Asteroid Belt",POWER(Upgrades!$U$9,H12),1)*IF(Upgrades!$T$10="Asteroid Belt",POWER(Upgrades!$U$10,I12),1)*IF(Upgrades!$T$11="Asteroid Belt",POWER(Upgrades!$U$11,J12),1)*IF(Upgrades!$T$12="Asteroid Belt",POWER(Upgrades!$U$12,K12),1))+(IF(G12=0,0,(Upgrades!$M$8+G12*Upgrades!$N$8)*POWER(Upgrades!$O$8,G12)))*(IF(Upgrades!$T$6="Stellar Coupling",POWER(Upgrades!$U$6,E12),1)*IF(Upgrades!$T$7="Stellar Coupling",POWER(Upgrades!$U$7,F12),1)*IF(Upgrades!$T$9="Stellar Coupling",POWER(Upgrades!$U$9,H12),1)*IF(Upgrades!$T$10="Stellar Coupling",POWER(Upgrades!$U$10,I12),1)*IF(Upgrades!$T$11="Stellar Coupling",POWER(Upgrades!$U$11,J12),1)*IF(Upgrades!$T$12="Stellar Coupling",POWER(Upgrades!$U$12,K12),1))+(IF(H12=0,0,(Upgrades!$M$9+H12*Upgrades!$N$9)*POWER(Upgrades!$O$9,H12)))*(IF(Upgrades!$T$6="Magnetosphere",POWER(Upgrades!$U$6,E12),1)*IF(Upgrades!$T$7="Magnetosphere",POWER(Upgrades!$U$7,F12),1)*IF(Upgrades!$T$8="Magnetosphere",POWER(Upgrades!$U$8,G12),1)*IF(Upgrades!$T$10="Magnetosphere",POWER(Upgrades!$U$10,I12),1)*IF(Upgrades!$T$11="Magnetosphere",POWER(Upgrades!$U$11,J12),1)*IF(Upgrades!$T$12="Magnetosphere",POWER(Upgrades!$U$12,K12),1))+(IF(I12=0,0,(Upgrades!$M$10+I12*Upgrades!$N$10)*POWER(Upgrades!$O$10,I12)))*(IF(Upgrades!$T$6="Orbital Resonance",POWER(Upgrades!$U$6,E12),1)*IF(Upgrades!$T$7="Orbital Resonance",POWER(Upgrades!$U$7,F12),1)*IF(Upgrades!$T$8="Orbital Resonance",POWER(Upgrades!$U$8,G12),1)*IF(Upgrades!$T$9="Orbital Resonance",POWER(Upgrades!$U$9,H12),1)*IF(Upgrades!$T$11="Orbital Resonance",POWER(Upgrades!$U$11,J12),1)*IF(Upgrades!$T$12="Orbital Resonance",POWER(Upgrades!$U$12,K12),1))+(IF(J12=0,0,(Upgrades!$M$11+J12*Upgrades!$N$11)*POWER(Upgrades!$O$11,J12)))*(IF(Upgrades!$T$6="Heliopause",POWER(Upgrades!$U$6,E12),1)*IF(Upgrades!$T$7="Heliopause",POWER(Upgrades!$U$7,F12),1)*IF(Upgrades!$T$8="Heliopause",POWER(Upgrades!$U$8,G12),1)*IF(Upgrades!$T$9="Heliopause",POWER(Upgrades!$U$9,H12),1)*IF(Upgrades!$T$10="Heliopause",POWER(Upgrades!$U$10,I12),1)*IF(Upgrades!$T$12="Heliopause",POWER(Upgrades!$U$12,K12),1))+(IF(K12=0,0,(Upgrades!$M$12+K12*Upgrades!$N$12)*POWER(Upgrades!$O$12,K12)))*(IF(Upgrades!$T$6="First Photons",POWER(Upgrades!$U$6,E12),1)*IF(Upgrades!$T$7="First Photons",POWER(Upgrades!$U$7,F12),1)*IF(Upgrades!$T$8="First Photons",POWER(Upgrades!$U$8,G12),1)*IF(Upgrades!$T$9="First Photons",POWER(Upgrades!$U$9,H12),1)*IF(Upgrades!$T$10="First Photons",POWER(Upgrades!$U$10,I12),1)*IF(Upgrades!$T$11="First Photons",POWER(Upgrades!$U$11,J12),1)))*POWER(Upgrades!$R$6,E12)*POWER(Upgrades!$R$7,F12)*POWER(Upgrades!$R$8,G12)*POWER(Upgrades!$R$9,H12)*POWER(Upgrades!$R$10,I12)*POWER(Upgrades!$R$11,J12)*POWER(Upgrades!$R$12,K12) -> 0 | P12: =IF(L12=1,0,M12*Parameters!$B$10/60*Parameters!$B$11*10) -> 34.166667 | Q12: =IF(L12=1,0,O12*M12*10) -> 0 | R12: =IF(L12=1,0,N12*10) -> 2.8 | S12: =P12+Q12+R12 -> 36.966667 | T12: =C12+S12 -> 62.313333 | U12: =AX12 -> SW | V12: =IF(U12="",0,IF(U12="transition",0,IF(U12="SW",AG12,IF(U12="AB",AH12,IF(U12="SC",AI12,IF(U12="Mag",AJ12,IF(U12="OR",AK12,IF(U12="HP",AL12,IF(U12="FP",AM12,0))))))))) -> 8.05 | W12: =IF(U12="OR",Upgrades!$F$10,IF(U12="HP",Upgrades!$F$11,IF(U12="transition",-Parameters!$B$18,0))) -> 0 | X12: =T12-V12 -> 54.263333 | Y12: =M12*Parameters!$B$10/60*Parameters!$B$11+O12*M12+N12 -> 3.6966667 | Z12: =IF(U12="transition","→ Tier 2 (Stellar Neighborhood)",IF(U12="FP","First Photons — light begins, system quickens",IF(U12="HP","Heliopause acquired",IF(U12="OR","Orbital Resonance — passive multiplier active",IF(AND(AO12=1,L12=0,AN12<>1),"Cohesion ready (waiting on completionist upgrades)",""))))) | AA12: =(IF(E12=0,0,(Upgrades!$G$6+E12*Upgrades!$H$6)*POWER(Upgrades!$I$6,E12)))*(IF(Upgrades!$T$7="Solar Wind",POWER(Upgrades!$U$7,F12),1)*IF(Upgrades!$T$8="Solar Wind",POWER(Upgrades!$U$8,G12),1)*IF(Upgrades!$T$9="Solar Wind",POWER(Upgrades!$U$9,H12),1)*IF(Upgrades!$T$10="Solar Wind",POWER(Upgrades!$U$10,I12),1)*IF(Upgrades!$T$11="Solar Wind",POWER(Upgrades!$U$11,J12),1)*IF(Upgrades!$T$12="Solar Wind",POWER(Upgrades!$U$12,K12),1))*POWER(Upgrades!$P$6,E12)*POWER(Upgrades!$P$7,F12)*POWER(Upgrades!$P$8,G12)*POWER(Upgrades!$P$9,H12)*POWER(Upgrades!$P$10,I12)*POWER(Upgrades!$P$11,J12)*POWER(Upgrades!$P$12,K12)*60 -> 4.8 | AB12: =(IF(F12=0,0,(Upgrades!$G$7+F12*Upgrades!$H$7)*POWER(Upgrades!$I$7,F12)))*(IF(Upgrades!$T$6="Asteroid Belt",POWER(Upgrades!$U$6,E12),1)*IF(Upgrades!$T$8="Asteroid Belt",POWER(Upgrades!$U$8,G12),1)*IF(Upgrades!$T$9="Asteroid Belt",POWER(Upgrades!$U$9,H12),1)*IF(Upgrades!$T$10="Asteroid Belt",POWER(Upgrades!$U$10,I12),1)*IF(Upgrades!$T$11="Asteroid Belt",POWER(Upgrades!$U$11,J12),1)*IF(Upgrades!$T$12="Asteroid Belt",POWER(Upgrades!$U$12,K12),1))*POWER(Upgrades!$P$6,E12)*POWER(Upgrades!$P$7,F12)*POWER(Upgrades!$P$8,G12)*POWER(Upgrades!$P$9,H12)*POWER(Upgrades!$P$10,I12)*POWER(Upgrades!$P$11,J12)*POWER(Upgrades!$P$12,K12)*60 -> 12 | AC12: =(IF(G12=0,0,(Upgrades!$J$8+G12*Upgrades!$K$8)*POWER(Upgrades!$L$8,G12)))*(IF(Upgrades!$T$6="Stellar Coupling",POWER(Upgrades!$U$6,E12),1)*IF(Upgrades!$T$7="Stellar Coupling",POWER(Upgrades!$U$7,F12),1)*IF(Upgrades!$T$9="Stellar Coupling",POWER(Upgrades!$U$9,H12),1)*IF(Upgrades!$T$10="Stellar Coupling",POWER(Upgrades!$U$10,I12),1)*IF(Upgrades!$T$11="Stellar Coupling",POWER(Upgrades!$U$11,J12),1)*IF(Upgrades!$T$12="Stellar Coupling",POWER(Upgrades!$U$12,K12),1))*POWER(Upgrades!$Q$6,E12)*POWER(Upgrades!$Q$7,F12)*POWER(Upgrades!$Q$8,G12)*POWER(Upgrades!$Q$9,H12)*POWER(Upgrades!$Q$10,I12)*POWER(Upgrades!$Q$11,J12)*POWER(Upgrades!$Q$12,K12)*Parameters!$B$10*Parameters!$B$11 -> 105 | AD12: =(IF(H12=0,0,(Upgrades!$G$9+H12*Upgrades!$H$9)*POWER(Upgrades!$I$9,H12)))*(IF(Upgrades!$T$6="Magnetosphere",POWER(Upgrades!$U$6,E12),1)*IF(Upgrades!$T$7="Magnetosphere",POWER(Upgrades!$U$7,F12),1)*IF(Upgrades!$T$8="Magnetosphere",POWER(Upgrades!$U$8,G12),1)*IF(Upgrades!$T$10="Magnetosphere",POWER(Upgrades!$U$10,I12),1)*IF(Upgrades!$T$11="Magnetosphere",POWER(Upgrades!$U$11,J12),1)*IF(Upgrades!$T$12="Magnetosphere",POWER(Upgrades!$U$12,K12),1))*POWER(Upgrades!$P$6,E12)*POWER(Upgrades!$P$7,F12)*POWER(Upgrades!$P$8,G12)*POWER(Upgrades!$P$9,H12)*POWER(Upgrades!$P$10,I12)*POWER(Upgrades!$P$11,J12)*POWER(Upgrades!$P$12,K12)*60 -> 0 | AE12: =(IF(K12=0,0,(Upgrades!$G$12+K12*Upgrades!$H$12)*POWER(Upgrades!$I$12,K12)))*(IF(Upgrades!$T$6="First Photons",POWER(Upgrades!$U$6,E12),1)*IF(Upgrades!$T$7="First Photons",POWER(Upgrades!$U$7,F12),1)*IF(Upgrades!$T$8="First Photons",POWER(Upgrades!$U$8,G12),1)*IF(Upgrades!$T$9="First Photons",POWER(Upgrades!$U$9,H12),1)*IF(Upgrades!$T$10="First Photons",POWER(Upgrades!$U$10,I12),1)*IF(Upgrades!$T$11="First Photons",POWER(Upgrades!$U$11,J12),1))*POWER(Upgrades!$P$6,E12)*POWER(Upgrades!$P$7,F12)*POWER(Upgrades!$P$8,G12)*POWER(Upgrades!$P$9,H12)*POWER(Upgrades!$P$10,I12)*POWER(Upgrades!$P$11,J12)*POWER(Upgrades!$P$12,K12)*60 -> 0 | AF12: =Parameters!$B$9*POWER(Upgrades!$Q$6,E12)*POWER(Upgrades!$Q$7,F12)*POWER(Upgrades!$Q$8,G12)*POWER(Upgrades!$Q$9,H12)*POWER(Upgrades!$Q$10,I12)*POWER(Upgrades!$Q$11,J12)*POWER(Upgrades!$Q$12,K12)*(Parameters!$B$10*Parameters!$B$11+O12*60) -> 100 | AG12: =IF(E12>=Upgrades!$E$6,"",Upgrades!$C$6*POWER(Upgrades!$D$6,E12)) -> 8.05 | AH12: =IF(F12>=Upgrades!$E$7,"",Upgrades!$C$7*POWER(Upgrades!$D$7,F12)) -> 23 | AI12: =IF(G12>=Upgrades!$E$8,"",Upgrades!$C$8*POWER(Upgrades!$D$8,G12)) -> 60.368 | AJ12: =IF(H12>=Upgrades!$E$9,"",Upgrades!$C$9*POWER(Upgrades!$D$9,H12)) -> 80 | AK12: =IF(I12>=Upgrades!$E$10,"",Upgrades!$C$10*POWER(Upgrades!$D$10,I12)) -> 240 | AL12: =IF(J12>=Upgrades!$E$11,"",Upgrades!$C$11*POWER(Upgrades!$D$11,J12)) -> 575 | AM12: =IF(K12>=Upgrades!$E$12,"",Upgrades!$C$12*POWER(Upgrades!$D$12,K12)) -> 850 | AN12: =IF(AND(D12>=Parameters!$B$18,(H12>=Upgrades!$E$9)*(K12>=Upgrades!$E$12)=1,L12=0),1,"") | AO12: =IF(AND(D12>=Parameters!$B$18,L12=0),1,"") | AP12: =MIN(IF(ISNUMBER(AK12),AK12,9000000000000000),IF(ISNUMBER(AL12),AL12,9000000000000000),IF(ISNUMBER(AM12),AM12,9000000000000000)) -> 240 | AQ12: =MIN(IF(ISNUMBER(AG12),AG12,9000000000000000),IF(ISNUMBER(AH12),AH12,9000000000000000),IF(ISNUMBER(AI12),AI12,9000000000000000),IF(ISNUMBER(AJ12),AJ12,9000000000000000)) -> 8.05 | AR12: =IF(AW12>Parameters!$B$21*(MAX(IF(AND(NOT(AND(AO12=1,AN12<>1)),ISNUMBER(AG12),AG12<=T12),AS12,0),IF(AND(NOT(AND(AO12=1,AN12<>1)),ISNUMBER(AH12),AH12<=T12),AT12,0),IF(AND(NOT(AND(AO12=1,AN12<>1)),ISNUMBER(AI12),AI12<=T12),AU12,0),IF(AND(ISNUMBER(AJ12),AJ12<=T12),AV12,0))),TRUE(),FALSE()) -> FALSE | AS12: =IFERROR(Upgrades!$H$6*(POWER(Upgrades!$P$6,E12)*POWER(Upgrades!$P$7,F12)*POWER(Upgrades!$P$8,G12)*POWER(Upgrades!$P$9,H12)*POWER(Upgrades!$P$10,I12)*POWER(Upgrades!$P$11,J12)*POWER(Upgrades!$P$12,K12))*(IF(Upgrades!$T$7="Solar Wind",POWER(Upgrades!$U$7,F12),1)*IF(Upgrades!$T$8="Solar Wind",POWER(Upgrades!$U$8,G12),1)*IF(Upgrades!$T$9="Solar Wind",POWER(Upgrades!$U$9,H12),1)*IF(Upgrades!$T$10="Solar Wind",POWER(Upgrades!$U$10,I12),1)*IF(Upgrades!$T$11="Solar Wind",POWER(Upgrades!$U$11,J12),1)*IF(Upgrades!$T$12="Solar Wind",POWER(Upgrades!$U$12,K12),1))/AG12,0) -> 0.0099378882 | AT12: =IFERROR(Upgrades!$H$7*(POWER(Upgrades!$P$6,E12)*POWER(Upgrades!$P$7,F12)*POWER(Upgrades!$P$8,G12)*POWER(Upgrades!$P$9,H12)*POWER(Upgrades!$P$10,I12)*POWER(Upgrades!$P$11,J12)*POWER(Upgrades!$P$12,K12))*(IF(Upgrades!$T$6="Asteroid Belt",POWER(Upgrades!$U$6,E12),1)*IF(Upgrades!$T$8="Asteroid Belt",POWER(Upgrades!$U$8,G12),1)*IF(Upgrades!$T$9="Asteroid Belt",POWER(Upgrades!$U$9,H12),1)*IF(Upgrades!$T$10="Asteroid Belt",POWER(Upgrades!$U$10,I12),1)*IF(Upgrades!$T$11="Asteroid Belt",POWER(Upgrades!$U$11,J12),1)*IF(Upgrades!$T$12="Asteroid Belt",POWER(Upgrades!$U$12,K12),1))/AH12,0) -> 0.0086956522 | AU12: =IFERROR(Upgrades!$K$8*(POWER(Upgrades!$Q$6,E12)*POWER(Upgrades!$Q$7,F12)*POWER(Upgrades!$Q$8,G12)*POWER(Upgrades!$Q$9,H12)*POWER(Upgrades!$Q$10,I12)*POWER(Upgrades!$Q$11,J12)*POWER(Upgrades!$Q$12,K12))*(IF(Upgrades!$T$6="Stellar Coupling",POWER(Upgrades!$U$6,E12),1)*IF(Upgrades!$T$7="Stellar Coupling",POWER(Upgrades!$U$7,F12),1)*IF(Upgrades!$T$9="Stellar Coupling",POWER(Upgrades!$U$9,H12),1)*IF(Upgrades!$T$10="Stellar Coupling",POWER(Upgrades!$U$10,I12),1)*IF(Upgrades!$T$11="Stellar Coupling",POWER(Upgrades!$U$11,J12),1)*IF(Upgrades!$T$12="Stellar Coupling",POWER(Upgrades!$U$12,K12),1))*Parameters!$B$10*Parameters!$B$11/60/AI12,0) -> 0.0096629561 | AV12: =IFERROR(Upgrades!$H$9*(POWER(Upgrades!$P$6,E12)*POWER(Upgrades!$P$7,F12)*POWER(Upgrades!$P$8,G12)*POWER(Upgrades!$P$9,H12)*POWER(Upgrades!$P$10,I12)*POWER(Upgrades!$P$11,J12)*POWER(Upgrades!$P$12,K12))*(IF(Upgrades!$T$6="Magnetosphere",POWER(Upgrades!$U$6,E12),1)*IF(Upgrades!$T$7="Magnetosphere",POWER(Upgrades!$U$7,F12),1)*IF(Upgrades!$T$8="Magnetosphere",POWER(Upgrades!$U$8,G12),1)*IF(Upgrades!$T$10="Magnetosphere",POWER(Upgrades!$U$10,I12),1)*IF(Upgrades!$T$11="Magnetosphere",POWER(Upgrades!$U$11,J12),1)*IF(Upgrades!$T$12="Magnetosphere",POWER(Upgrades!$U$12,K12),1))/AJ12,0) -> 0.0125 | AW12: =MAX(IF(I12>0,0,IFERROR(0.25*N12/Upgrades!$C$10,0)),IF(J12>0,0,IFERROR(0.5*((IF(G12=0,0,(Upgrades!$J$8+G12*Upgrades!$K$8)*POWER(Upgrades!$L$8,G12)))*(IF(Upgrades!$T$6="Stellar Coupling",POWER(Upgrades!$U$6,E12),1)*IF(Upgrades!$T$7="Stellar Coupling",POWER(Upgrades!$U$7,F12),1)*IF(Upgrades!$T$9="Stellar Coupling",POWER(Upgrades!$U$9,H12),1)*IF(Upgrades!$T$10="Stellar Coupling",POWER(Upgrades!$U$10,I12),1)*IF(Upgrades!$T$11="Stellar Coupling",POWER(Upgrades!$U$11,J12),1)*IF(Upgrades!$T$12="Stellar Coupling",POWER(Upgrades!$U$12,K12),1))*(POWER(Upgrades!$Q$6,E12)*POWER(Upgrades!$Q$7,F12)*POWER(Upgrades!$Q$8,G12)*POWER(Upgrades!$Q$9,H12)*POWER(Upgrades!$Q$10,I12)*POWER(Upgrades!$Q$11,J12)*POWER(Upgrades!$Q$12,K12))*Parameters!$B$10*Parameters!$B$11/60)/Upgrades!$C$11,0)),IF(K12>0,0,IFERROR((1*(POWER(Upgrades!$P$6,E12)*POWER(Upgrades!$P$7,F12)*POWER(Upgrades!$P$8,G12)*POWER(Upgrades!$P$9,H12)*POWER(Upgrades!$P$10,I12)*POWER(Upgrades!$P$11,J12)*POWER(Upgrades!$P$12,K12))+0.2*M12*Parameters!$B$10*Parameters!$B$11/60)/Upgrades!$C$12,0)),IF(AND(ISNUMBER(AG12),AG12>T12),AS12,0),IF(AND(ISNUMBER(AH12),AH12>T12),AT12,0),IF(AND(ISNUMBER(AI12),AI12>T12),AU12,0),IF(AND(ISNUMBER(AJ12),AJ12>T12),AV12,0)) -> 0.0125 | AX12: =IF(AN12=1,"transition",IF(MIN(IF(AND(I12=0,ISNUMBER(AK12),AK12<=T12),AK12,9000000000000000),IF(AND(J12=0,ISNUMBER(AL12),AL12<=T12),AL12,9000000000000000),IF(AND(K12=0,ISNUMBER(AM12),AM12<=T12),AM12,9000000000000000))<9000000000000000,IF(AND(AND(I12=0,ISNUMBER(AK12),AK12<=T12),AK12=MIN(IF(AND(I12=0,ISNUMBER(AK12),AK12<=T12),AK12,9000000000000000),IF(AND(J12=0,ISNUMBER(AL12),AL12<=T12),AL12,9000000000000000),IF(AND(K12=0,ISNUMBER(AM12),AM12<=T12),AM12,9000000000000000))),"OR",IF(AND(AND(J12=0,ISNUMBER(AL12),AL12<=T12),AL12=MIN(IF(AND(I12=0,ISNUMBER(AK12),AK12<=T12),AK12,9000000000000000),IF(AND(J12=0,ISNUMBER(AL12),AL12<=T12),AL12,9000000000000000),IF(AND(K12=0,ISNUMBER(AM12),AM12<=T12),AM12,9000000000000000))),"HP","FP")),IF(AR12=TRUE(),"",IF(MAX(IF(AND(NOT(AND(AO12=1,AN12<>1)),ISNUMBER(AG12),AG12<=T12),AS12,0),IF(AND(NOT(AND(AO12=1,AN12<>1)),ISNUMBER(AH12),AH12<=T12),AT12,0),IF(AND(NOT(AND(AO12=1,AN12<>1)),ISNUMBER(AI12),AI12<=T12),AU12,0),IF(AND(ISNUMBER(AJ12),AJ12<=T12),AV12,0))<=0,"",IF(AND(IF(AND(NOT(AND(AO12=1,AN12<>1)),ISNUMBER(AG12),AG12<=T12),AS12,0)>0,IF(AND(NOT(AND(AO12=1,AN12<>1)),ISNUMBER(AG12),AG12<=T12),AS12,0)=MAX(IF(AND(NOT(AND(AO12=1,AN12<>1)),ISNUMBER(AG12),AG12<=T12),AS12,0),IF(AND(NOT(AND(AO12=1,AN12<>1)),ISNUMBER(AH12),AH12<=T12),AT12,0),IF(AND(NOT(AND(AO12=1,AN12<>1)),ISNUMBER(AI12),AI12<=T12),AU12,0),IF(AND(ISNUMBER(AJ12),AJ12<=T12),AV12,0))),"SW",IF(AND(IF(AND(NOT(AND(AO12=1,AN12<>1)),ISNUMBER(AH12),AH12<=T12),AT12,0)>0,IF(AND(NOT(AND(AO12=1,AN12<>1)),ISNUMBER(AH12),AH12<=T12),AT12,0)=MAX(IF(AND(NOT(AND(AO12=1,AN12<>1)),ISNUMBER(AG12),AG12<=T12),AS12,0),IF(AND(NOT(AND(AO12=1,AN12<>1)),ISNUMBER(AH12),AH12<=T12),AT12,0),IF(AND(NOT(AND(AO12=1,AN12<>1)),ISNUMBER(AI12),AI12<=T12),AU12,0),IF(AND(ISNUMBER(AJ12),AJ12<=T12),AV12,0))),"AB",IF(AND(IF(AND(NOT(AND(AO12=1,AN12<>1)),ISNUMBER(AI12),AI12<=T12),AU12,0)>0,IF(AND(NOT(AND(AO12=1,AN12<>1)),ISNUMBER(AI12),AI12<=T12),AU12,0)=MAX(IF(AND(NOT(AND(AO12=1,AN12<>1)),ISNUMBER(AG12),AG12<=T12),AS12,0),IF(AND(NOT(AND(AO12=1,AN12<>1)),ISNUMBER(AH12),AH12<=T12),AT12,0),IF(AND(NOT(AND(AO12=1,AN12<>1)),ISNUMBER(AI12),AI12<=T12),AU12,0),IF(AND(ISNUMBER(AJ12),AJ12<=T12),AV12,0))),"SC","Mag"))))))) -> SW
